"序号","标题","发布日期","来源网站","网址","来源栏目","证据类型","结构线索摘录","正文验证","正文验证说明","采集说明"
"1","沙湾市人民政府2026年第八次常务会会议纪要","2026-05-19","沙湾市人民政府网站","https://www.xjsw.gov.cn/xxgk/fdzdgknr/zdhyxx/zfcwhy/content_42340","https://www.xjsw.gov.cn/xxgk/fdzdgknr/zdhyxx/zfcwhy","栏目链接标题含会议纪要","","访问错误","采集时页面访问失败，不作为正文结构样例。","二〇二六年七月二十五日公开资料采集整理"
"2","沙湾市人民政府2026年第七次常务会会议纪要","2026-04-24","沙湾市人民政府网站","https://www.xjsw.gov.cn/xxgk/fdzdgknr/zdhyxx/zfcwhy/content_42253","https://www.xjsw.gov.cn/xxgk/fdzdgknr/zdhyxx/zfcwhy","栏目链接标题含会议纪要","","访问错误","采集时页面访问失败，不作为正文结构样例。","二〇二六年七月二十五日公开资料采集整理"
"3","沙湾市人民政府2026年第四次常务会会议纪要","2026-03-17","沙湾市人民政府网站","https://www.xjsw.gov.cn/xxgk/fdzdgknr/zdhyxx/zfcwhy/content_42341","https://www.xjsw.gov.cn/xxgk/fdzdgknr/zdhyxx/zfcwhy","栏目链接标题含会议纪要","","访问错误","采集时页面访问失败，不作为正文结构样例。","二〇二六年七月二十五日公开资料采集整理"
"4","沙湾市人民政府2026年第三次常务会会议纪要","2026-02-26","沙湾市人民政府网站","https://www.xjsw.gov.cn/xxgk/fdzdgknr/zdhyxx/zfcwhy/content_41727","https://www.xjsw.gov.cn/xxgk/fdzdgknr/zdhyxx/zfcwhy","栏目链接标题含会议纪要","","访问错误","采集时页面访问失败，不作为正文结构样例。","二〇二六年七月二十五日公开资料采集整理"
"5","沙湾市人民政府2026年第二次常务会会议纪要","2026-01-30","沙湾市人民政府网站","https://www.xjsw.gov.cn/xxgk/fdzdgknr/zdhyxx/zfcwhy/content_41511","https://www.xjsw.gov.cn/xxgk/fdzdgknr/zdhyxx/zfcwhy","栏目链接标题含会议纪要","","访问错误","采集时页面访问失败，不作为正文结构样例。","二〇二六年七月二十五日公开资料采集整理"
"6","沙湾市人民政府2026年第一次常务会会议纪要","2026-01-19","沙湾市人民政府网站","https://www.xjsw.gov.cn/xxgk/fdzdgknr/zdhyxx/zfcwhy/content_41510","https://www.xjsw.gov.cn/xxgk/fdzdgknr/zdhyxx/zfcwhy","栏目链接标题含会议纪要","","访问错误","采集时页面访问失败，不作为正文结构样例。","二〇二六年七月二十五日公开资料采集整理"
"7","沙湾市人民政府2025年第十三次常务会议纪要","2025-11-12","沙湾市人民政府网站","https://www.xjsw.gov.cn/xxgk/fdzdgknr/zdhyxx/zfcwhy/content_41107","https://www.xjsw.gov.cn/xxgk/fdzdgknr/zdhyxx/zfcwhy","栏目链接标题含会议纪要","","访问错误","采集时页面访问失败，不作为正文结构样例。","二〇二六年七月二十五日公开资料采集整理"
"8","沙湾市人民政府2025年第十二次常务会议纪要","2025-11-05","沙湾市人民政府网站","https://www.xjsw.gov.cn/xxgk/fdzdgknr/zdhyxx/zfcwhy/content_41106","https://www.xjsw.gov.cn/xxgk/fdzdgknr/zdhyxx/zfcwhy","栏目链接标题含会议纪要","","访问错误","采集时页面访问失败，不作为正文结构样例。","二〇二六年七月二十五日公开资料采集整理"
"9","沙湾市人民政府2025年第十一次常务会议纪要","2025-09-26","沙湾市人民政府网站","https://www.xjsw.gov.cn/xxgk/fdzdgknr/zdhyxx/zfcwhy/content_40505","https://www.xjsw.gov.cn/xxgk/fdzdgknr/zdhyxx/zfcwhy","栏目链接标题含会议纪要","","访问错误","采集时页面访问失败，不作为正文结构样例。","二〇二六年七月二十五日公开资料采集整理"
"10","沙湾市人民政府2025年第十次常务会议纪要","2025-09-18","沙湾市人民政府网站","https://www.xjsw.gov.cn/xxgk/fdzdgknr/zdhyxx/zfcwhy/content_40504","https://www.xjsw.gov.cn/xxgk/fdzdgknr/zdhyxx/zfcwhy","栏目链接标题含会议纪要","","访问错误","采集时页面访问失败，不作为正文结构样例。","二〇二六年七月二十五日公开资料采集整理"
"11","裕民县人民政府2025年度第二十一次常务会会议纪要","2025-09-04","裕民县人民政府网站","https://www.xjym.gov.cn/zwgk/fdzdgknr/zdhyxx/content_3479","https://www.xjym.gov.cn/zwgk/fdzdgknr/zdhyxx","栏目链接标题含会议纪要","","访问错误","采集时页面访问失败，不作为正文结构样例。","二〇二六年七月二十五日公开资料采集整理"
"12","裕民县人民政府2025年度第二十次常务会会议纪要","2025-08-25","裕民县人民政府网站","https://www.xjym.gov.cn/zwgk/fdzdgknr/zdhyxx/content_3478","https://www.xjym.gov.cn/zwgk/fdzdgknr/zdhyxx","栏目链接标题含会议纪要","","访问错误","采集时页面访问失败，不作为正文结构样例。","二〇二六年七月二十五日公开资料采集整理"
"13","沙湾市人民政府2025年第九次常务会议纪要","2025-08-22","沙湾市人民政府网站","https://www.xjsw.gov.cn/xxgk/fdzdgknr/zdhyxx/zfcwhy/content_40017","https://www.xjsw.gov.cn/xxgk/fdzdgknr/zdhyxx/zfcwhy","栏目链接标题含会议纪要","","访问错误","采集时页面访问失败，不作为正文结构样例。","二〇二六年七月二十五日公开资料采集整理"
"14","裕民县人民政府2025年度第十九次常务会会议纪要","2025-08-08","裕民县人民政府网站","https://www.xjym.gov.cn/zwgk/fdzdgknr/zdhyxx/content_3477","https://www.xjym.gov.cn/zwgk/fdzdgknr/zdhyxx","栏目链接标题含会议纪要","","访问错误","采集时页面访问失败，不作为正文结构样例。","二〇二六年七月二十五日公开资料采集整理"
"15","裕民县人民政府2025年度第十八次常务会会议纪要","2025-07-31","裕民县人民政府网站","https://www.xjym.gov.cn/zwgk/fdzdgknr/zdhyxx/content_3476","https://www.xjym.gov.cn/zwgk/fdzdgknr/zdhyxx","栏目链接标题含会议纪要","","访问错误","采集时页面访问失败，不作为正文结构样例。","二〇二六年七月二十五日公开资料采集整理"
"16","裕民县人民政府2025年度第十七次常务会会议纪要","2025-07-25","裕民县人民政府网站","https://www.xjym.gov.cn/zwgk/fdzdgknr/zdhyxx/content_3475","https://www.xjym.gov.cn/zwgk/fdzdgknr/zdhyxx","栏目链接标题含会议纪要","","访问错误","采集时页面访问失败，不作为正文结构样例。","二〇二六年七月二十五日公开资料采集整理"
"17","沙湾市人民政府2025年第八次常务会议纪要","2025-07-24","沙湾市人民政府网站","https://www.xjsw.gov.cn/xxgk/fdzdgknr/zdhyxx/zfcwhy/content_39266","https://www.xjsw.gov.cn/xxgk/fdzdgknr/zdhyxx/zfcwhy","栏目链接标题含会议纪要","","访问错误","采集时页面访问失败，不作为正文结构样例。","二〇二六年七月二十五日公开资料采集整理"
"18","裕民县人民政府2026年度第十六次常务会会议纪要","2025-07-07","裕民县人民政府网站","https://www.xjym.gov.cn/zwgk/fdzdgknr/zdhyxx/content_3474","https://www.xjym.gov.cn/zwgk/fdzdgknr/zdhyxx","栏目链接标题含会议纪要","","访问错误","采集时页面访问失败，不作为正文结构样例。","二〇二六年七月二十五日公开资料采集整理"
"19","裕民县人民政府2025年度第十五次常务会会议纪要","2025-06-30","裕民县人民政府网站","https://www.xjym.gov.cn/zwgk/fdzdgknr/zdhyxx/content_3473","https://www.xjym.gov.cn/zwgk/fdzdgknr/zdhyxx","栏目链接标题含会议纪要","","访问错误","采集时页面访问失败，不作为正文结构样例。","二〇二六年七月二十五日公开资料采集整理"
"20","裕民县人民政府2025年度第十四次常务会会议纪要","2025-06-18","裕民县人民政府网站","https://www.xjym.gov.cn/zwgk/fdzdgknr/zdhyxx/content_3079","https://www.xjym.gov.cn/zwgk/fdzdgknr/zdhyxx","栏目链接标题含会议纪要","","访问错误","采集时页面访问失败，不作为正文结构样例。","二〇二六年七月二十五日公开资料采集整理"
"21","沙湾市人民政府2025年第七次常务会议纪要","2025-05-28","沙湾市人民政府网站","https://www.xjsw.gov.cn/xxgk/fdzdgknr/zdhyxx/zfcwhy/content_39262","https://www.xjsw.gov.cn/xxgk/fdzdgknr/zdhyxx/zfcwhy","栏目链接标题含会议纪要","","访问错误","采集时页面访问失败，不作为正文结构样例。","二〇二六年七月二十五日公开资料采集整理"
"22","裕民县人民政府2025年度第十三次常务会议纪要","2025-05-21","裕民县人民政府网站","https://www.xjym.gov.cn/zwgk/fdzdgknr/zdhyxx/content_3077","https://www.xjym.gov.cn/zwgk/fdzdgknr/zdhyxx","栏目链接标题含会议纪要","","访问错误","采集时页面访问失败，不作为正文结构样例。","二〇二六年七月二十五日公开资料采集整理"
"23","裕民县人民政府2025年度第十二次常务会会议纪要","2025-05-07","裕民县人民政府网站","https://www.xjym.gov.cn/zwgk/fdzdgknr/zdhyxx/content_3075","https://www.xjym.gov.cn/zwgk/fdzdgknr/zdhyxx","栏目链接标题含会议纪要","","访问错误","采集时页面访问失败，不作为正文结构样例。","二〇二六年七月二十五日公开资料采集整理"
"24","裕民县人民政府2025年度第十一次常务会会议纪要","2025-04-25","裕民县人民政府网站","https://www.xjym.gov.cn/zwgk/fdzdgknr/zdhyxx/content_3073","https://www.xjym.gov.cn/zwgk/fdzdgknr/zdhyxx","栏目链接标题含会议纪要","","访问错误","采集时页面访问失败，不作为正文结构样例。","二〇二六年七月二十五日公开资料采集整理"
"25","沙湾市人民政府2025年第六次常务会议纪要","2025-04-25","沙湾市人民政府网站","https://www.xjsw.gov.cn/xxgk/fdzdgknr/zdhyxx/zfcwhy/content_38072","https://www.xjsw.gov.cn/xxgk/fdzdgknr/zdhyxx/zfcwhy","栏目链接标题含会议纪要","","访问错误","采集时页面访问失败，不作为正文结构样例。","二〇二六年七月二十五日公开资料采集整理"
"26","裕民县人民政府第十次常务会议纪要","2025-04-18","裕民县人民政府网站","https://www.xjym.gov.cn/zwgk/fdzdgknr/zdhyxx/content_2695","https://www.xjym.gov.cn/zwgk/fdzdgknr/zdhyxx","栏目链接标题含会议纪要","","访问错误","采集时页面访问失败，不作为正文结构样例。","二〇二六年七月二十五日公开资料采集整理"
"27","裕民县人民政府第九次常务会议纪要","2025-04-04","裕民县人民政府网站","https://www.xjym.gov.cn/zwgk/fdzdgknr/zdhyxx/content_2694","https://www.xjym.gov.cn/zwgk/fdzdgknr/zdhyxx","栏目链接标题含会议纪要","","访问错误","采集时页面访问失败，不作为正文结构样例。","二〇二六年七月二十五日公开资料采集整理"
"28","沙湾市人民政府2025年第五次常务会议纪要","2025-03-27","沙湾市人民政府网站","https://www.xjsw.gov.cn/xxgk/fdzdgknr/zdhyxx/zfcwhy/content_37993","https://www.xjsw.gov.cn/xxgk/fdzdgknr/zdhyxx/zfcwhy","栏目链接标题含会议纪要","","访问错误","采集时页面访问失败，不作为正文结构样例。","二〇二六年七月二十五日公开资料采集整理"
"29","沙湾市人民政府2026年第四次常务会会议纪要","2025-03-17","沙湾市人民政府网站","https://www.xjsw.gov.cn/xxgk/fdzdgknr/zdhyxx/zfcwhy/content_41818","https://www.xjsw.gov.cn/xxgk/fdzdgknr/zdhyxx/zfcwhy","栏目链接标题含会议纪要","","访问错误","采集时页面访问失败，不作为正文结构样例。","二〇二六年七月二十五日公开资料采集整理"
"30","裕民县人民政府第八次常务会议纪要","2025-03-15","裕民县人民政府网站","https://www.xjym.gov.cn/zwgk/fdzdgknr/zdhyxx/content_2693","https://www.xjym.gov.cn/zwgk/fdzdgknr/zdhyxx","栏目链接标题含会议纪要","","访问错误","采集时页面访问失败，不作为正文结构样例。","二〇二六年七月二十五日公开资料采集整理"
"31","裕民县人民政府第七次常务会议纪要","2025-03-08","裕民县人民政府网站","https://www.xjym.gov.cn/zwgk/fdzdgknr/zdhyxx/content_2692","https://www.xjym.gov.cn/zwgk/fdzdgknr/zdhyxx","栏目链接标题含会议纪要","","访问错误","采集时页面访问失败，不作为正文结构样例。","二〇二六年七月二十五日公开资料采集整理"
"32","沙湾市人民政府2025年第四次常务会议纪要","2025-03-04","沙湾市人民政府网站","https://www.xjsw.gov.cn/xxgk/fdzdgknr/zdhyxx/zfcwhy/content_37991","https://www.xjsw.gov.cn/xxgk/fdzdgknr/zdhyxx/zfcwhy","栏目链接标题含会议纪要","","访问错误","采集时页面访问失败，不作为正文结构样例。","二〇二六年七月二十五日公开资料采集整理"
"33","裕民县人民政府第六次常务会议纪要","2025-02-28","裕民县人民政府网站","https://www.xjym.gov.cn/zwgk/fdzdgknr/zdhyxx/content_2691","https://www.xjym.gov.cn/zwgk/fdzdgknr/zdhyxx","栏目链接标题含会议纪要","","访问错误","采集时页面访问失败，不作为正文结构样例。","二〇二六年七月二十五日公开资料采集整理"
"34","沙湾市人民政府2025年第三次常务会议纪要","2025-02-21","沙湾市人民政府网站","https://www.xjsw.gov.cn/xxgk/fdzdgknr/zdhyxx/zfcwhy/content_37992","https://www.xjsw.gov.cn/xxgk/fdzdgknr/zdhyxx/zfcwhy","栏目链接标题含会议纪要","","访问错误","采集时页面访问失败，不作为正文结构样例。","二〇二六年七月二十五日公开资料采集整理"
"35","裕民县人民政府第五次常务会议纪要","2025-02-18","裕民县人民政府网站","https://www.xjym.gov.cn/zwgk/fdzdgknr/zdhyxx/content_2690","https://www.xjym.gov.cn/zwgk/fdzdgknr/zdhyxx","栏目链接标题含会议纪要","","访问错误","采集时页面访问失败，不作为正文结构样例。","二〇二六年七月二十五日公开资料采集整理"
"36","裕民县人民政府第四次常务会议纪要","2025-02-08","裕民县人民政府网站","https://www.xjym.gov.cn/zwgk/fdzdgknr/zdhyxx/content_2689","https://www.xjym.gov.cn/zwgk/fdzdgknr/zdhyxx","栏目链接标题含会议纪要","","访问错误","采集时页面访问失败，不作为正文结构样例。","二〇二六年七月二十五日公开资料采集整理"
"37","裕民县人民政府第三次常务会议纪要","2025-01-28","裕民县人民政府网站","https://www.xjym.gov.cn/zwgk/fdzdgknr/zdhyxx/content_2643","https://www.xjym.gov.cn/zwgk/fdzdgknr/zdhyxx","栏目链接标题含会议纪要","","访问错误","采集时页面访问失败，不作为正文结构样例。","二〇二六年七月二十五日公开资料采集整理"
"38","裕民县人民政府第二次常务会议纪要","2025-01-20","裕民县人民政府网站","https://www.xjym.gov.cn/zwgk/fdzdgknr/zdhyxx/content_2642","https://www.xjym.gov.cn/zwgk/fdzdgknr/zdhyxx","栏目链接标题含会议纪要","","访问错误","采集时页面访问失败，不作为正文结构样例。","二〇二六年七月二十五日公开资料采集整理"
"39","沙湾市人民政府2025年第二次常务会会议纪要","2025-01-16","沙湾市人民政府网站","https://www.xjsw.gov.cn/xxgk/fdzdgknr/zdhyxx/zfcwhy/content_37328","https://www.xjsw.gov.cn/xxgk/fdzdgknr/zdhyxx/zfcwhy","栏目链接标题含会议纪要","","访问错误","采集时页面访问失败，不作为正文结构样例。","二〇二六年七月二十五日公开资料采集整理"
"40","裕民县人民政府第一次常务会会议纪要","2025-01-15","裕民县人民政府网站","https://www.xjym.gov.cn/zwgk/fdzdgknr/zdhyxx/content_2640","https://www.xjym.gov.cn/zwgk/fdzdgknr/zdhyxx","栏目链接标题含会议纪要","","访问错误","采集时页面访问失败，不作为正文结构样例。","二〇二六年七月二十五日公开资料采集整理"
"41","沙湾市人民政府2025年第一次常务会会议纪要","2025-01-08","沙湾市人民政府网站","https://www.xjsw.gov.cn/xxgk/fdzdgknr/zdhyxx/zfcwhy/content_37327","https://www.xjsw.gov.cn/xxgk/fdzdgknr/zdhyxx/zfcwhy","栏目链接标题含会议纪要","","访问错误","采集时页面访问失败，不作为正文结构样例。","二〇二六年七月二十五日公开资料采集整理"
"42","沙湾市人民政府2024年第十六次政府常务会议纪要","2024-11-15","沙湾市人民政府网站","https://www.xjsw.gov.cn/xxgk/fdzdgknr/zdhyxx/zfcwhy/content_36917","https://www.xjsw.gov.cn/xxgk/fdzdgknr/zdhyxx/zfcwhy","栏目链接标题含会议纪要","","访问错误","采集时页面访问失败，不作为正文结构样例。","二〇二六年七月二十五日公开资料采集整理"
"43","裕民县人民政府第七次常务会会议纪要","2024-11-05","裕民县人民政府网站","https://www.xjym.gov.cn/zwgk/fdzdgknr/zdhyxx/content_2351","https://www.xjym.gov.cn/zwgk/fdzdgknr/zdhyxx","栏目链接标题含会议纪要","","访问错误","采集时页面访问失败，不作为正文结构样例。","二〇二六年七月二十五日公开资料采集整理"
"44","沙湾市人民政府2024年第十五次政府常务会议纪要","2024-10-25","沙湾市人民政府网站","https://www.xjsw.gov.cn/xxgk/fdzdgknr/zdhyxx/zfcwhy/content_36800","https://www.xjsw.gov.cn/xxgk/fdzdgknr/zdhyxx/zfcwhy","栏目链接标题含会议纪要","","访问错误","采集时页面访问失败，不作为正文结构样例。","二〇二六年七月二十五日公开资料采集整理"
"45","沙湾市人民政府2024年第十四次政府常务会议纪要","2024-09-24","沙湾市人民政府网站","https://www.xjsw.gov.cn/xxgk/fdzdgknr/zdhyxx/zfcwhy/content_35878","https://www.xjsw.gov.cn/xxgk/fdzdgknr/zdhyxx/zfcwhy","栏目链接标题含会议纪要","","访问错误","采集时页面访问失败，不作为正文结构样例。","二〇二六年七月二十五日公开资料采集整理"
"46","沙湾市人民政府2024年第十三次政府常务会议纪要","2024-09-20","沙湾市人民政府网站","https://www.xjsw.gov.cn/xxgk/fdzdgknr/zdhyxx/zfcwhy/content_35989","https://www.xjsw.gov.cn/xxgk/fdzdgknr/zdhyxx/zfcwhy","栏目链接标题含会议纪要","","访问错误","采集时页面访问失败，不作为正文结构样例。","二〇二六年七月二十五日公开资料采集整理"
"47","沙湾市人民政府2024年第十二次政府常务会议纪要","2024-09-04","沙湾市人民政府网站","https://www.xjsw.gov.cn/xxgk/fdzdgknr/zdhyxx/zfcwhy/content_35877","https://www.xjsw.gov.cn/xxgk/fdzdgknr/zdhyxx/zfcwhy","栏目链接标题含会议纪要","","访问错误","采集时页面访问失败，不作为正文结构样例。","二〇二六年七月二十五日公开资料采集整理"
"48","沙湾市人民政府2024年第十一次政府常务会议纪要","2024-08-05","沙湾市人民政府网站","https://www.xjsw.gov.cn/xxgk/fdzdgknr/zdhyxx/zfcwhy/content_35245","https://www.xjsw.gov.cn/xxgk/fdzdgknr/zdhyxx/zfcwhy","栏目链接标题含会议纪要","","访问错误","采集时页面访问失败，不作为正文结构样例。","二〇二六年七月二十五日公开资料采集整理"
"49","裕民县人民政府2024年度第十四次常务会会议纪要","2024-07-25","裕民县人民政府网站","https://www.xjym.gov.cn/zwgk/fdzdgknr/zdhyxx/content_2169","https://www.xjym.gov.cn/zwgk/fdzdgknr/zdhyxx","栏目链接标题含会议纪要","","访问错误","采集时页面访问失败，不作为正文结构样例。","二〇二六年七月二十五日公开资料采集整理"
"50","裕民县人民政府2024年度第十三次常务会会议纪要","2024-07-22","裕民县人民政府网站","https://www.xjym.gov.cn/zwgk/fdzdgknr/zdhyxx/content_2168","https://www.xjym.gov.cn/zwgk/fdzdgknr/zdhyxx","栏目链接标题含会议纪要","","访问错误","采集时页面访问失败，不作为正文结构样例。","二〇二六年七月二十五日公开资料采集整理"
"51","沙湾市人民政府2024年第十次政府常务会议纪要","2024-07-18","沙湾市人民政府网站","https://www.xjsw.gov.cn/xxgk/fdzdgknr/zdhyxx/zfcwhy/content_35244","https://www.xjsw.gov.cn/xxgk/fdzdgknr/zdhyxx/zfcwhy","栏目链接标题含会议纪要","","访问错误","采集时页面访问失败，不作为正文结构样例。","二〇二六年七月二十五日公开资料采集整理"
"52","沙湾市人民政府2024年第九次政府常务会议纪要","2024-07-05","沙湾市人民政府网站","https://www.xjsw.gov.cn/xxgk/fdzdgknr/zdhyxx/zfcwhy/content_35239","https://www.xjsw.gov.cn/xxgk/fdzdgknr/zdhyxx/zfcwhy","栏目链接标题含会议纪要","","访问错误","采集时页面访问失败，不作为正文结构样例。","二〇二六年七月二十五日公开资料采集整理"
"53","裕民县人民政府2024年度第十一次常务会会议纪要","2024-06-28","裕民县人民政府网站","https://www.xjym.gov.cn/zwgk/fdzdgknr/zdhyxx/content_2165","https://www.xjym.gov.cn/zwgk/fdzdgknr/zdhyxx","栏目链接标题含会议纪要","","访问错误","采集时页面访问失败，不作为正文结构样例。","二〇二六年七月二十五日公开资料采集整理"
"54","沙湾市人民政府2024年第八次政府常务会议纪要","2024-06-14","沙湾市人民政府网站","https://www.xjsw.gov.cn/xxgk/fdzdgknr/zdhyxx/zfcwhy/content_34821","https://www.xjsw.gov.cn/xxgk/fdzdgknr/zdhyxx/zfcwhy","栏目链接标题含会议纪要","","访问错误","采集时页面访问失败，不作为正文结构样例。","二〇二六年七月二十五日公开资料采集整理"
"55","沙湾市人民政府2024年第七次政府常务会议纪要","2024-05-27","沙湾市人民政府网站","https://www.xjsw.gov.cn/xxgk/fdzdgknr/zdhyxx/zfcwhy/content_34820","https://www.xjsw.gov.cn/xxgk/fdzdgknr/zdhyxx/zfcwhy","栏目链接标题含会议纪要","","访问错误","采集时页面访问失败，不作为正文结构样例。","二〇二六年七月二十五日公开资料采集整理"
"56","裕民县人民政府2024年度第九次常务会会议纪要","2024-05-23","裕民县人民政府网站","https://www.xjym.gov.cn/zwgk/fdzdgknr/zdhyxx/content_2163","https://www.xjym.gov.cn/zwgk/fdzdgknr/zdhyxx","栏目链接标题含会议纪要","","访问错误","采集时页面访问失败，不作为正文结构样例。","二〇二六年七月二十五日公开资料采集整理"
"57","沙湾市人民政府2024年第六次政府常务会议纪要","2024-05-09","沙湾市人民政府网站","https://www.xjsw.gov.cn/xxgk/fdzdgknr/zdhyxx/zfcwhy/content_27966","https://www.xjsw.gov.cn/xxgk/fdzdgknr/zdhyxx/zfcwhy","栏目链接标题含会议纪要","","访问错误","采集时页面访问失败，不作为正文结构样例。","二〇二六年七月二十五日公开资料采集整理"
"58","裕民县人民政府2024年度第八次常务会会议纪要","2024-05-02","裕民县人民政府网站","https://www.xjym.gov.cn/zwgk/fdzdgknr/zdhyxx/content_1994","https://www.xjym.gov.cn/zwgk/fdzdgknr/zdhyxx","栏目链接标题含会议纪要","","访问错误","采集时页面访问失败，不作为正文结构样例。","二〇二六年七月二十五日公开资料采集整理"
"59","沙湾市人民政府2024年第五次政府常务会议纪要","2024-04-30","沙湾市人民政府网站","https://www.xjsw.gov.cn/xxgk/fdzdgknr/zdhyxx/zfcwhy/content_27965","https://www.xjsw.gov.cn/xxgk/fdzdgknr/zdhyxx/zfcwhy","栏目链接标题含会议纪要","","访问错误","采集时页面访问失败，不作为正文结构样例。","二〇二六年七月二十五日公开资料采集整理"
"60","沙湾市人民政府2024年第四次政府常务会议纪要","2024-04-23","沙湾市人民政府网站","https://www.xjsw.gov.cn/xxgk/fdzdgknr/zdhyxx/zfcwhy/content_27964","https://www.xjsw.gov.cn/xxgk/fdzdgknr/zdhyxx/zfcwhy","栏目链接标题含会议纪要","","访问错误","采集时页面访问失败，不作为正文结构样例。","二〇二六年七月二十五日公开资料采集整理"
"61","裕民县人民政府2024年度第六次常务会会议纪要","2024-04-15","裕民县人民政府网站","https://www.xjym.gov.cn/zwgk/fdzdgknr/zdhyxx/content_1993","https://www.xjym.gov.cn/zwgk/fdzdgknr/zdhyxx","栏目链接标题含会议纪要","","访问错误","采集时页面访问失败，不作为正文结构样例。","二〇二六年七月二十五日公开资料采集整理"
"62","沙湾市人民政府2024年第三次政府常务会议纪要","2024-04-12","沙湾市人民政府网站","https://www.xjsw.gov.cn/xxgk/fdzdgknr/zdhyxx/zfcwhy/content_27962","https://www.xjsw.gov.cn/xxgk/fdzdgknr/zdhyxx/zfcwhy","栏目链接标题含会议纪要","","访问错误","采集时页面访问失败，不作为正文结构样例。","二〇二六年七月二十五日公开资料采集整理"
"63","裕民县人民政府2024年度第五次常务会会议纪要","2024-03-29","裕民县人民政府网站","https://www.xjym.gov.cn/zwgk/fdzdgknr/zdhyxx/content_1992","https://www.xjym.gov.cn/zwgk/fdzdgknr/zdhyxx","栏目链接标题含会议纪要","","访问错误","采集时页面访问失败，不作为正文结构样例。","二〇二六年七月二十五日公开资料采集整理"
"64","沙湾市人民政府2024年第二次政府常务会议纪要","2024-03-18","沙湾市人民政府网站","https://www.xjsw.gov.cn/xxgk/fdzdgknr/zdhyxx/zfcwhy/content_27957","https://www.xjsw.gov.cn/xxgk/fdzdgknr/zdhyxx/zfcwhy","栏目链接标题含会议纪要","","访问错误","采集时页面访问失败，不作为正文结构样例。","二〇二六年七月二十五日公开资料采集整理"
"65","裕民县人民政府2024年度第四次常务会会议纪要","2024-03-04","裕民县人民政府网站","https://www.xjym.gov.cn/zwgk/fdzdgknr/zdhyxx/content_1991","https://www.xjym.gov.cn/zwgk/fdzdgknr/zdhyxx","栏目链接标题含会议纪要","","访问错误","采集时页面访问失败，不作为正文结构样例。","二〇二六年七月二十五日公开资料采集整理"
"66","沙湾市人民政府2024年第一次政府常务会议纪要","2024-02-02","沙湾市人民政府网站","https://www.xjsw.gov.cn/xxgk/fdzdgknr/zdhyxx/zfcwhy/content_27956","https://www.xjsw.gov.cn/xxgk/fdzdgknr/zdhyxx/zfcwhy","栏目链接标题含会议纪要","","访问错误","采集时页面访问失败，不作为正文结构样例。","二〇二六年七月二十五日公开资料采集整理"
"67","裕民县人民政府2024年度第二次常务会会议纪要","2024-01-20","裕民县人民政府网站","https://www.xjym.gov.cn/zwgk/fdzdgknr/zdhyxx/content_1864","https://www.xjym.gov.cn/zwgk/fdzdgknr/zdhyxx","栏目链接标题含会议纪要","","访问错误","采集时页面访问失败，不作为正文结构样例。","二〇二六年七月二十五日公开资料采集整理"
"68","裕民县人民政府2024年度第一次常务会会议纪要","2024-01-09","裕民县人民政府网站","https://www.xjym.gov.cn/zwgk/fdzdgknr/zdhyxx/content_1863","https://www.xjym.gov.cn/zwgk/fdzdgknr/zdhyxx","栏目链接标题含会议纪要","","访问错误","采集时页面访问失败，不作为正文结构样例。","二〇二六年七月二十五日公开资料采集整理"
"69","裕民县人民政府2023年度第十五次常务会会议纪要","2023-12-06","裕民县人民政府网站","https://www.xjym.gov.cn/zwgk/fdzdgknr/zdhyxx/content_1742","https://www.xjym.gov.cn/zwgk/fdzdgknr/zdhyxx","栏目链接标题含会议纪要","","访问错误","采集时页面访问失败，不作为正文结构样例。","二〇二六年七月二十五日公开资料采集整理"
"70","裕民县人民政府2023年度第十五次常务会会议纪要","2023-12-06","裕民县人民政府网站","https://www.xjym.gov.cn/zwgk/fdzdgknr/zdhyxx/content_1749","https://www.xjym.gov.cn/zwgk/fdzdgknr/zdhyxx","栏目链接标题含会议纪要","","访问错误","采集时页面访问失败，不作为正文结构样例。","二〇二六年七月二十五日公开资料采集整理"
"71","裕民县人民政府2023年度第十四次常务会会议纪要","2023-11-21","裕民县人民政府网站","https://www.xjym.gov.cn/zwgk/fdzdgknr/zdhyxx/content_1741","https://www.xjym.gov.cn/zwgk/fdzdgknr/zdhyxx","栏目链接标题含会议纪要","","访问错误","采集时页面访问失败，不作为正文结构样例。","二〇二六年七月二十五日公开资料采集整理"
"72","裕民县人民政府2023年度第十三次常务会会议纪要","2023-10-30","裕民县人民政府网站","https://www.xjym.gov.cn/zwgk/fdzdgknr/zdhyxx/content_1740","https://www.xjym.gov.cn/zwgk/fdzdgknr/zdhyxx","栏目链接标题含会议纪要","","访问错误","采集时页面访问失败，不作为正文结构样例。","二〇二六年七月二十五日公开资料采集整理"
"73","裕民县人民政府2023年度第十二次常务会会议纪要","2023-10-10","裕民县人民政府网站","https://www.xjym.gov.cn/zwgk/fdzdgknr/zdhyxx/content_1739","https://www.xjym.gov.cn/zwgk/fdzdgknr/zdhyxx","栏目链接标题含会议纪要","","访问错误","采集时页面访问失败，不作为正文结构样例。","二〇二六年七月二十五日公开资料采集整理"
"74","裕民县人民政府2023年度第十一次常务会会议纪要","2023-09-28","裕民县人民政府网站","https://www.xjym.gov.cn/zwgk/fdzdgknr/zdhyxx/content_1738","https://www.xjym.gov.cn/zwgk/fdzdgknr/zdhyxx","栏目链接标题含会议纪要","","访问错误","采集时页面访问失败，不作为正文结构样例。","二〇二六年七月二十五日公开资料采集整理"
"75","裕民县人民政府2023年度第十次常务会会议纪要","2023-09-03","裕民县人民政府网站","https://www.xjym.gov.cn/zwgk/fdzdgknr/zdhyxx/content_1737","https://www.xjym.gov.cn/zwgk/fdzdgknr/zdhyxx","栏目链接标题含会议纪要","","访问错误","采集时页面访问失败，不作为正文结构样例。","二〇二六年七月二十五日公开资料采集整理"
"76","裕民县人民政府2023年度第九次常务会会议纪要","2023-08-30","裕民县人民政府网站","https://www.xjym.gov.cn/zwgk/fdzdgknr/zdhyxx/content_1736","https://www.xjym.gov.cn/zwgk/fdzdgknr/zdhyxx","栏目链接标题含会议纪要","","访问错误","采集时页面访问失败，不作为正文结构样例。","二〇二六年七月二十五日公开资料采集整理"
"77","裕民县人民政府2023年度第八次常务会会议纪要","2023-08-10","裕民县人民政府网站","https://www.xjym.gov.cn/zwgk/fdzdgknr/zdhyxx/content_1735","https://www.xjym.gov.cn/zwgk/fdzdgknr/zdhyxx","栏目链接标题含会议纪要","","访问错误","采集时页面访问失败，不作为正文结构样例。","二〇二六年七月二十五日公开资料采集整理"
"78","裕民县人民政府2023年度第七次常务会会议纪要","2023-07-13","裕民县人民政府网站","https://www.xjym.gov.cn/zwgk/fdzdgknr/zdhyxx/content_1734","https://www.xjym.gov.cn/zwgk/fdzdgknr/zdhyxx","栏目链接标题含会议纪要","","访问错误","采集时页面访问失败，不作为正文结构样例。","二〇二六年七月二十五日公开资料采集整理"
"79","裕民县人民政府2023年度第六次常务会会议纪要","2023-06-05","裕民县人民政府网站","https://www.xjym.gov.cn/zwgk/fdzdgknr/zdhyxx/content_1408","https://www.xjym.gov.cn/zwgk/fdzdgknr/zdhyxx","栏目链接标题含会议纪要","","访问错误","采集时页面访问失败，不作为正文结构样例。","二〇二六年七月二十五日公开资料采集整理"
"80","裕民县人民政府2023年度第五次常务会会议纪要","2023-05-20","裕民县人民政府网站","https://www.xjym.gov.cn/zwgk/fdzdgknr/zdhyxx/content_1387","https://www.xjym.gov.cn/zwgk/fdzdgknr/zdhyxx","栏目链接标题含会议纪要","","访问错误","采集时页面访问失败，不作为正文结构样例。","二〇二六年七月二十五日公开资料采集整理"
"81","裕民县人民政府2023年度第五次常务会会议纪要","2023-05-20","裕民县人民政府网站","https://www.xjym.gov.cn/zwgk/fdzdgknr/zdhyxx/content_1750","https://www.xjym.gov.cn/zwgk/fdzdgknr/zdhyxx","栏目链接标题含会议纪要","","访问错误","采集时页面访问失败，不作为正文结构样例。","二〇二六年七月二十五日公开资料采集整理"
"82","裕民县人民政府2023年度第四次常务会会议纪要","2023-05-15","裕民县人民政府网站","https://www.xjym.gov.cn/zwgk/fdzdgknr/zdhyxx/content_1382","https://www.xjym.gov.cn/zwgk/fdzdgknr/zdhyxx","栏目链接标题含会议纪要","","访问错误","采集时页面访问失败，不作为正文结构样例。","二〇二六年七月二十五日公开资料采集整理"
"83","裕民县人民政府2023年度第三次常务会会议纪要","2023-04-06","裕民县人民政府网站","https://www.xjym.gov.cn/zwgk/fdzdgknr/zdhyxx/content_1381","https://www.xjym.gov.cn/zwgk/fdzdgknr/zdhyxx","栏目链接标题含会议纪要","","访问错误","采集时页面访问失败，不作为正文结构样例。","二〇二六年七月二十五日公开资料采集整理"
"84","裕民县人民政府2023年度第一次常务会会议纪要","2023-02-09","裕民县人民政府网站","https://www.xjym.gov.cn/zwgk/fdzdgknr/zdhyxx/content_1379","https://www.xjym.gov.cn/zwgk/fdzdgknr/zdhyxx","栏目链接标题含会议纪要","","访问错误","采集时页面访问失败，不作为正文结构样例。","二〇二六年七月二十五日公开资料采集整理"
"85","裕民县人民政府2022年度第十八次常务会议纪要","2022-12-22","裕民县人民政府网站","https://www.xjym.gov.cn/zwgk/fdzdgknr/zdhyxx/content_1168","https://www.xjym.gov.cn/zwgk/fdzdgknr/zdhyxx","栏目链接标题含会议纪要","","访问错误","采集时页面访问失败，不作为正文结构样例。","二〇二六年七月二十五日公开资料采集整理"
"86","区政府第5次常务会议纪要","2022-06-30","常州市武进区人民政府网站","http://www.wj.gov.cn/html/czwj/2022/BJLFPPJH_0713/71485.html","https://www.changzhou.gov.cn/gova/wjk.php?click=m2_2&dept_id=0&keytype=title&keyword=%E4%BC%9A%E8%AE%AE%E7%BA%AA%E8%A6%81&page=1&sel_year=0&tc_id=0&tc_name=&website=wujin","栏目链接标题含会议纪要","","访问错误","采集时页面访问失败，不作为正文结构样例。","二〇二六年七月二十五日公开资料采集整理"
"87","裕民县人民政府2022年度第十二次常务会议纪要","2022-06-20","裕民县人民政府网站","https://www.xjym.gov.cn/zwgk/fdzdgknr/zdhyxx/content_1166","https://www.xjym.gov.cn/zwgk/fdzdgknr/zdhyxx","栏目链接标题含会议纪要","","访问错误","采集时页面访问失败，不作为正文结构样例。","二〇二六年七月二十五日公开资料采集整理"
"88","裕民县人民政府2022年度第十一次常务会议纪要","2022-05-27","裕民县人民政府网站","https://www.xjym.gov.cn/zwgk/fdzdgknr/zdhyxx/content_1006","https://www.xjym.gov.cn/zwgk/fdzdgknr/zdhyxx","栏目链接标题含会议纪要","","访问错误","采集时页面访问失败，不作为正文结构样例。","二〇二六年七月二十五日公开资料采集整理"
"89","裕民县人民政府2022年度第十次常务会议纪要","2022-05-10","裕民县人民政府网站","https://www.xjym.gov.cn/zwgk/fdzdgknr/zdhyxx/content_1002","https://www.xjym.gov.cn/zwgk/fdzdgknr/zdhyxx","栏目链接标题含会议纪要","","访问错误","采集时页面访问失败，不作为正文结构样例。","二〇二六年七月二十五日公开资料采集整理"
"90","裕民县人民政府2022年度第九次常务会议纪要","2022-04-25","裕民县人民政府网站","https://www.xjym.gov.cn/zwgk/fdzdgknr/zdhyxx/content_1005","https://www.xjym.gov.cn/zwgk/fdzdgknr/zdhyxx","栏目链接标题含会议纪要","","访问错误","采集时页面访问失败，不作为正文结构样例。","二〇二六年七月二十五日公开资料采集整理"
"91","裕民县人民政府2022年度第八次常务会议纪要","2022-04-18","裕民县人民政府网站","https://www.xjym.gov.cn/zwgk/fdzdgknr/zdhyxx/content_1004","https://www.xjym.gov.cn/zwgk/fdzdgknr/zdhyxx","栏目链接标题含会议纪要","","访问错误","采集时页面访问失败，不作为正文结构样例。","二〇二六年七月二十五日公开资料采集整理"
"92","裕民县人民政府2022年度第七次常务会议纪要","2022-03-25","裕民县人民政府网站","https://www.xjym.gov.cn/zwgk/fdzdgknr/zdhyxx/content_1003","https://www.xjym.gov.cn/zwgk/fdzdgknr/zdhyxx","栏目链接标题含会议纪要","","访问错误","采集时页面访问失败，不作为正文结构样例。","二〇二六年七月二十五日公开资料采集整理"
"93","裕民县人民政府2022年度第六次常务会议纪要","2022-03-18","裕民县人民政府网站","https://www.xjym.gov.cn/zwgk/fdzdgknr/zdhyxx/content_898","https://www.xjym.gov.cn/zwgk/fdzdgknr/zdhyxx","栏目链接标题含会议纪要","","访问错误","采集时页面访问失败，不作为正文结构样例。","二〇二六年七月二十五日公开资料采集整理"
"94","裕民县人民政府2022年度第五次常务会议纪要","2022-03-08","裕民县人民政府网站","https://www.xjym.gov.cn/zwgk/fdzdgknr/zdhyxx/content_897","https://www.xjym.gov.cn/zwgk/fdzdgknr/zdhyxx","栏目链接标题含会议纪要","","访问错误","采集时页面访问失败，不作为正文结构样例。","二〇二六年七月二十五日公开资料采集整理"
"95","裕民县人民政府2022年度第四次常务会议纪要","2022-02-24","裕民县人民政府网站","https://www.xjym.gov.cn/zwgk/fdzdgknr/zdhyxx/content_896","https://www.xjym.gov.cn/zwgk/fdzdgknr/zdhyxx","栏目链接标题含会议纪要","","访问错误","采集时页面访问失败，不作为正文结构样例。","二〇二六年七月二十五日公开资料采集整理"
"96","裕民县人民政府2022年度第三次常务会议纪要","2022-02-11","裕民县人民政府网站","https://www.xjym.gov.cn/zwgk/fdzdgknr/zdhyxx/content_895","https://www.xjym.gov.cn/zwgk/fdzdgknr/zdhyxx","栏目链接标题含会议纪要","","访问错误","采集时页面访问失败，不作为正文结构样例。","二〇二六年七月二十五日公开资料采集整理"
"97","裕民县人民政府2022年度第二次常务会议纪要","2022-01-19","裕民县人民政府网站","https://www.xjym.gov.cn/zwgk/fdzdgknr/zdhyxx/content_894","https://www.xjym.gov.cn/zwgk/fdzdgknr/zdhyxx","栏目链接标题含会议纪要","","访问错误","采集时页面访问失败，不作为正文结构样例。","二〇二六年七月二十五日公开资料采集整理"
"98","裕民县人民政府2022年度第一次常务会议纪要","2022-01-10","裕民县人民政府网站","https://www.xjym.gov.cn/zwgk/fdzdgknr/zdhyxx/content_893","https://www.xjym.gov.cn/zwgk/fdzdgknr/zdhyxx","栏目链接标题含会议纪要","","访问错误","采集时页面访问失败，不作为正文结构样例。","二〇二六年七月二十五日公开资料采集整理"
"99","裕民县人民政府2021年度第二十次常务会议纪要","2021-12-21","裕民县人民政府网站","https://www.xjym.gov.cn/zwgk/fdzdgknr/zdhyxx/content_834","https://www.xjym.gov.cn/zwgk/fdzdgknr/zdhyxx","栏目链接标题含会议纪要","","访问错误","采集时页面访问失败，不作为正文结构样例。","二〇二六年七月二十五日公开资料采集整理"
"100","裕民县人民政府2021年度第十八次常务会议纪要","2021-11-30","裕民县人民政府网站","https://www.xjym.gov.cn/zwgk/fdzdgknr/zdhyxx/content_833","https://www.xjym.gov.cn/zwgk/fdzdgknr/zdhyxx","栏目链接标题含会议纪要","","访问错误","采集时页面访问失败，不作为正文结构样例。","二〇二六年七月二十五日公开资料采集整理"
"101","裕民县人民政府2021年度第十六次常务会议纪要","2021-10-18","裕民县人民政府网站","https://www.xjym.gov.cn/zwgk/fdzdgknr/zdhyxx/content_832","https://www.xjym.gov.cn/zwgk/fdzdgknr/zdhyxx","栏目链接标题含会议纪要","","访问错误","采集时页面访问失败，不作为正文结构样例。","二〇二六年七月二十五日公开资料采集整理"
"102","裕民县人民政府2021年度第十五次常务会议纪要","2021-09-28","裕民县人民政府网站","https://www.xjym.gov.cn/zwgk/fdzdgknr/zdhyxx/content_831","https://www.xjym.gov.cn/zwgk/fdzdgknr/zdhyxx","栏目链接标题含会议纪要","","访问错误","采集时页面访问失败，不作为正文结构样例。","二〇二六年七月二十五日公开资料采集整理"
"103","裕民县人民政府2021年度第十四次常务会议纪要","2021-08-20","裕民县人民政府网站","https://www.xjym.gov.cn/zwgk/fdzdgknr/zdhyxx/content_734","https://www.xjym.gov.cn/zwgk/fdzdgknr/zdhyxx","栏目链接标题含会议纪要","","访问错误","采集时页面访问失败，不作为正文结构样例。","二〇二六年七月二十五日公开资料采集整理"
"104","裕民县人民政府2021年度第十三次常务会议纪要","2021-08-13","裕民县人民政府网站","https://www.xjym.gov.cn/zwgk/fdzdgknr/zdhyxx/content_733","https://www.xjym.gov.cn/zwgk/fdzdgknr/zdhyxx","栏目链接标题含会议纪要","","访问错误","采集时页面访问失败，不作为正文结构样例。","二〇二六年七月二十五日公开资料采集整理"
"105","裕民县人民政府2021年度第十二次常务会议纪要","2021-07-19","裕民县人民政府网站","https://www.xjym.gov.cn/zwgk/fdzdgknr/zdhyxx/content_732","https://www.xjym.gov.cn/zwgk/fdzdgknr/zdhyxx","栏目链接标题含会议纪要","","访问错误","采集时页面访问失败，不作为正文结构样例。","二〇二六年七月二十五日公开资料采集整理"
"106","裕民县人民政府2021年度第十一次常务会议纪要","2021-07-08","裕民县人民政府网站","https://www.xjym.gov.cn/zwgk/fdzdgknr/zdhyxx/content_691","https://www.xjym.gov.cn/zwgk/fdzdgknr/zdhyxx","栏目链接标题含会议纪要","","访问错误","采集时页面访问失败，不作为正文结构样例。","二〇二六年七月二十五日公开资料采集整理"
"107","裕民县人民政府2021年度第十次常务会议纪要","2021-06-18","裕民县人民政府网站","https://www.xjym.gov.cn/zwgk/fdzdgknr/zdhyxx/content_690","https://www.xjym.gov.cn/zwgk/fdzdgknr/zdhyxx","栏目链接标题含会议纪要","","访问错误","采集时页面访问失败，不作为正文结构样例。","二〇二六年七月二十五日公开资料采集整理"
"108","裕民县人民政府2021年度第九次常务会议纪要","2021-05-27","裕民县人民政府网站","https://www.xjym.gov.cn/zwgk/fdzdgknr/zdhyxx/content_689","https://www.xjym.gov.cn/zwgk/fdzdgknr/zdhyxx","栏目链接标题含会议纪要","","访问错误","采集时页面访问失败，不作为正文结构样例。","二〇二六年七月二十五日公开资料采集整理"
"109","裕民县人民政府2021年度第七次常务会议纪要","2021-05-07","裕民县人民政府网站","https://www.xjym.gov.cn/zwgk/fdzdgknr/zdhyxx/content_688","https://www.xjym.gov.cn/zwgk/fdzdgknr/zdhyxx","栏目链接标题含会议纪要","","访问错误","采集时页面访问失败，不作为正文结构样例。","二〇二六年七月二十五日公开资料采集整理"
"110","裕民县人民政府2021年度第六次常务会议纪要","2021-04-06","裕民县人民政府网站","https://www.xjym.gov.cn/zwgk/fdzdgknr/zdhyxx/content_625","https://www.xjym.gov.cn/zwgk/fdzdgknr/zdhyxx","栏目链接标题含会议纪要","","访问错误","采集时页面访问失败，不作为正文结构样例。","二〇二六年七月二十五日公开资料采集整理"
"111","裕民县人民政府2021年度第四次常务会议纪要","2021-03-12","裕民县人民政府网站","https://www.xjym.gov.cn/zwgk/fdzdgknr/zdhyxx/content_624","https://www.xjym.gov.cn/zwgk/fdzdgknr/zdhyxx","栏目链接标题含会议纪要","","访问错误","采集时页面访问失败，不作为正文结构样例。","二〇二六年七月二十五日公开资料采集整理"
"112","裕民县人民政府2021年度第三次常务会议纪要","2021-02-22","裕民县人民政府网站","https://www.xjym.gov.cn/zwgk/fdzdgknr/zdhyxx/content_623","https://www.xjym.gov.cn/zwgk/fdzdgknr/zdhyxx","栏目链接标题含会议纪要","","访问错误","采集时页面访问失败，不作为正文结构样例。","二〇二六年七月二十五日公开资料采集整理"
"113","裕民县人民政府2021年第一次常务会议纪要","2021-01-12","裕民县人民政府网站","https://www.xjym.gov.cn/zwgk/fdzdgknr/zdhyxx/content_287","https://www.xjym.gov.cn/zwgk/fdzdgknr/zdhyxx","栏目链接标题含会议纪要","","访问错误","采集时页面访问失败，不作为正文结构样例。","二〇二六年七月二十五日公开资料采集整理"
"114","裕民县人民政府2020年第十八次常务会议纪要","2020-12-28","裕民县人民政府网站","https://www.xjym.gov.cn/zwgk/fdzdgknr/zdhyxx/content_286","https://www.xjym.gov.cn/zwgk/fdzdgknr/zdhyxx","栏目链接标题含会议纪要","","访问错误","采集时页面访问失败，不作为正文结构样例。","二〇二六年七月二十五日公开资料采集整理"
"115","市政府第96次常务会议纪要","2026-07-09","昆山市人民政府网站","https://www.ks.gov.cn/kss/zfcwhy/202607/3b4935bfe74f4f8fae26f6ad86b0f054.shtml","https://www.ks.gov.cn/kss/zfcwhy/xxgk_list.shtml","栏目链接标题含会议纪要","","正文结构命中","扩能提质行动方案（ 2026—2028 年）》 《关于建立健全以企业为主体的引才、育才、评才和政策兑现机制的意见》 。 会议议定以下意见： 一、听取周市镇安全生产工作情况的汇报 （一）原则同意周市镇关于安全生产工作情况的汇报。由周市镇根据会议讨论意见，抓好后续工作落实。 （二）要认识再强化。力戒经验主义、形式主义，举一反三、警钟长鸣，加强对老问题复盘、新情况研究，纵深推进 “ 六化 ” 建设，以高水平安全保障高质量发展。 （三） 要责任再压实。紧盯特种设备、 “ 厂中厂 ” 、出租房屋、危化品、城镇燃气、建筑施工、再生资源等重点领域，压实企业主体责任，强","二〇二六年七月二十五日公开资料采集整理"
"116","市政府第95次常务会议纪要","2026-06-15","昆山市人民政府网站","https://www.ks.gov.cn/kss/zfcwhy/202606/28a6c34a40a547cdab3c2e5104efba7f.shtml","https://www.ks.gov.cn/kss/zfcwhy/xxgk_list.shtml","栏目链接标题含会议纪要","","正文结构命中","， 听取 了 花桥经济开发区安全生产工作 ， 以及 科研机构、实验室安全生产工作的情况汇报 ，学习了《农村公路条例》。 会议议定以下意见： 一、听取花桥经济开发区安全生产工作情况的汇报 （一）原则同意 花桥 经济开发区关于安全生产工作情况的汇报。由花桥经济开发区根据会议讨论意见，抓好后续工作落实。 （二） 要保持高度警醒。力戒经验主义、形式主义，全面加强对老问题的复盘、对新情况的研究，举一反三、查漏补缺，压实责任、细化举措，切实提升本质安全水平。 （三）要坚持问题导向。紧盯 “ 厂中厂 ” 、 “331” 、有限空间、建筑施工、委外作业、养老机构、月子中","二〇二六年七月二十五日公开资料采集整理"
"117","区政府第49次常务会议纪要","2026-06-11","常州市金坛区人民政府网站","http://www.jintan.gov.cn/html/czjt/2026/PAIHAQOE_0701/30711.html","https://www.changzhou.gov.cn/gova/wjk.php?click=m2_2&dept_id=0&keytype=title&keyword=%E4%BC%9A%E8%AE%AE%E7%BA%AA%E8%A6%81&page=1&sel_year=0&tc_id=0&tc_name=&website=jintan","栏目链接标题含会议纪要","","正文结构命中","1 废止日期 有效 内容概述 2026年5月26日下午，区长樊烨在市民中心B座一楼望华厅主持召开区政府第49次常务会议，现纪要如下：一、会议传达学习了习近平总书记近期重要讲话重要指示精神会议传达学习了习近平总书记4月28日在中共中央政治局第二十五次集体学习时重要讲话精神、习近平总书记对湖南长沙浏阳市一烟花厂爆炸事故作出重要指示精神以及习近平总书记对山西长治市沁源县一煤矿瓦斯爆炸事故作出重要指示精神。会议强调，各级各部门要深入贯彻落实总书记重 区政府第49次常务会议纪要 第5号 2026年5月26日下午，区长樊烨在市民中心B座一楼望华厅主持召开区政府第49","二〇二六年七月二十五日公开资料采集整理"
"118","区政府第55次常务会议纪要","2026-06-05","常州市武进区人民政府网站","http://www.wj.gov.cn/html/czwj/2026/BJLFPPJH_0617/79253.html","https://www.changzhou.gov.cn/gova/wjk.php?click=m2_2&dept_id=0&keytype=title&keyword=%E4%BC%9A%E8%AE%AE%E7%BA%AA%E8%A6%81&page=1&sel_year=0&tc_id=0&tc_name=&website=wujin","栏目链接标题含会议纪要","","正文结构命中","55次常务会议纪要 2026年5月9日下午，区长薛晔在行政中心1号楼一楼西侧圆桌会议室，主持召开区政府第55次常务会议，纪要如下： 一、会议集体学习了习近平总书记勉励中国青年五四奖章暨新时代青年先锋奖获奖者代表的回信精神、习近平总书记对湖南长沙浏阳市一烟花厂爆炸事故作出的重要指示精神 会议指出，要深刻感悟习近平 总书记对新时代青年的殷切寄语，把青年人才作为武进未来发展最宝贵的战略资源。要加快完善 “引育留用”全链条，建强产业青年突击队和技能人才库，在新 质生产力培育、城乡建设、民生服务等基层一线大胆启用年轻干部，让更多青年扎根武进、创业武进、安居武进、建","二〇二六年七月二十五日公开资料采集整理"
"119","市政府第94次常务会议纪要","2026-06-05","昆山市人民政府网站","https://www.ks.gov.cn/kss/zfcwhy/202606/1536db2fa35e49efaf055d9cc9cbe3b9.shtml","https://www.ks.gov.cn/kss/zfcwhy/xxgk_list.shtml","栏目链接标题含会议纪要","","正文结构命中","持召开市政府第 94 次常务会议， 听取 了 张浦镇安全生产工作情况的汇报 ， 学习 了 《中华人民共和国渔业法》 。 会议议定以下意见： 一、听取张浦镇安全生产工作情况的汇报 （一）原则同意张浦镇安全生产工作情况的汇报。由张浦镇根据会议讨论意见，抓好后续工作落实。 （二） 要保持高度警醒。深入学习贯彻习近平总书记对山西长治市沁源县一煤矿瓦斯爆炸事故作出的重要指示精神，认真落实上级最新部署要求，坚决克服经验主义、麻痹思想、惯性思维，层层压实工作责任、落细落实防范举措，毫不松懈抓好安全生产各项工作。各板块要参照政治安全、安全稳定、安全生产 三张 责任清单，","二〇二六年七月二十五日公开资料采集整理"
"120","钟楼区政府2026年度第5次常务会议纪要","2026-05-27","常州市钟楼区人民政府网站","http://www.zhonglou.gov.cn/html/czzl/2026/FPKLLMMN_0605/24596.html","https://www.changzhou.gov.cn/gova/wjk.php?click=m2_2&dept_id=0&keytype=title&keyword=%E4%BC%9A%E8%AE%AE%E7%BA%AA%E8%A6%81&page=1&sel_year=0&tc_id=0&tc_name=&website=zhonglou","栏目链接标题含会议纪要","","正文结构命中","有效 内容概述： 2026年5月23日上午，在区机关815会议室，区长李德森主持召开区政府2026年度第5次常务会议，现纪要如下：一、会议听取了关于钟楼区城市轨道交通5号线周边道路微改造工程情况的汇报会议指出，地铁5号线施工周期长、影响范围广，实施周边道路微改造是保障市民出行畅通、维护城市正常运转的紧迫民生工程。会议强调，要统筹推进，住建、资规、城管、交管要紧密协作，加强与地铁集团对接，优化施工方案；要加快进度，推进前期工作，确保项 钟楼区政府2026年度第5次常务会议纪要 〔2026〕第5期 2026年5月23日上午，在区机关815会议室，区长李德森","二〇二六年七月二十五日公开资料采集整理"
"121","区政府第54次常务会议纪要","2026-05-23","常州市武进区人民政府网站","http://www.wj.gov.cn/html/czwj/2026/BJLFPPJH_0617/79252.html","https://www.changzhou.gov.cn/gova/wjk.php?click=m2_2&dept_id=0&keytype=title&keyword=%E4%BC%9A%E8%AE%AE%E7%BA%AA%E8%A6%81&page=1&sel_year=0&tc_id=0&tc_name=&website=wujin","栏目链接标题含会议纪要","","正文结构命中","6 年 5 月 5 日 上 午，区长 薛晔 在行政中心 1 号楼一楼西侧圆桌会议室，主持召开区政府第 54 次常务会议，纪要如下： 一、 集体学法：《江苏省农产品质量安全条例》 会议强调，农产品质量安全是食品安全的源头和基础，关系人民群众身体健康和生命安全。各级各部门要贯彻落实党中央、国务院及省委、省政府关于农产品质量安全的决策部署，对照职责、提升认识，确保《江苏省农产品质量安全条例》等法律法规要求落地落实。要突出全过程全链条监管，严格落实农产品生产、储存、运输和销售各环节具体行为规范，切实将监管链条向前延伸至产地环境监测，向后拓展至流通销售环节。农业农","二〇二六年七月二十五日公开资料采集整理"
"122","区政府第53次常务会议纪要","2026-05-23","常州市武进区人民政府网站","http://www.wj.gov.cn/html/czwj/2026/BJLFPPJH_0617/79251.html","https://www.changzhou.gov.cn/gova/wjk.php?click=m2_2&dept_id=0&keytype=title&keyword=%E4%BC%9A%E8%AE%AE%E7%BA%AA%E8%A6%81&page=1&sel_year=0&tc_id=0&tc_name=&website=wujin","栏目链接标题含会议纪要","","正文结构命中","3次常务会议纪要 2026年4月29日下午，区长薛晔在行政中心1号楼一楼西侧圆桌会议室，主持召开区政府第53次常务会议，纪要如下： 一 、会议审议了 《武进区现代服务业高质量发展三年行动计划（ 2026-2028 年）》 会议指出，现代服务业是经济增长的重要力量。要将现代服务业高质量发展置于更加突出的战略位置，以现代服务业提质增效构筑区域未来核心竞争力。 会议强调，各地各部门要深化思想认识，深入学习贯彻习近平总书记对服务业发展作出的重要指示和全国服务业大会精神，准确把握 “ 六个围绕 ” 与 “ 四个注重 ” 的内在逻辑，扎实推进四大专项行动落地实施，加","二〇二六年七月二十五日公开资料采集整理"
"123","区政府第52次常务会议纪要","2026-05-23","常州市武进区人民政府网站","http://www.wj.gov.cn/html/czwj/2026/BJLFPPJH_0617/79250.html","https://www.changzhou.gov.cn/gova/wjk.php?click=m2_2&dept_id=0&keytype=title&keyword=%E4%BC%9A%E8%AE%AE%E7%BA%AA%E8%A6%81&page=1&sel_year=0&tc_id=0&tc_name=&website=wujin","栏目链接标题含会议纪要","","正文结构命中","2026 年 4 月 20 日下午，区长薛晔在行政中心 1 号楼一楼西侧圆桌会议室，主持召开区政府第 52 次常务会议，纪要如下： 一、 集体学法 ： 传达学习《中华人民共和国生态环境法典》 会议指出，当前生态环境治理已进入攻坚阶段，要加大法典宣贯力度，用好典型案例，严格依法执法司法，从严查处环境违法行为，依法依规支持生态保护工作开展。各级各部门要深刻领会法典核心要义，切实把法典精神转化为履职尽责的行动自觉。要以法典施行为抓手，聚焦污染防治、生态保护、绿色低碳发展及太湖综合治理等重点工作，严格落实各项刚性规定。要压实工作责任，健全全链条环境监管和追责机制","二〇二六年七月二十五日公开资料采集整理"
"124","市政府第93次常务会议纪要","2026-05-07","昆山市人民政府网站","https://www.ks.gov.cn/kss/zfcwhy/202605/326e53614c084e7ab801d14c944b5cad.shtml","https://www.ks.gov.cn/kss/zfcwhy/xxgk_list.shtml","栏目链接标题含会议纪要","","正文结构命中","镇安全生产工作情况，以及建筑施工（外墙外保温全链条治理）、城镇燃气安全防范工作和高层建筑消防全链条治理工作情况的汇报。 会议议定以下意见： 一、听取千灯镇安全生产工作情况的汇报 （一）原则同意千灯镇安全生产工作情况的汇报。由千灯镇根据会议讨论意见，抓好后续工作落实。 （二）要强化底线思维。 安全生产始终在路上 。 要 坚决克服经验主义、麻痹思想，举一反三、查漏补缺，毫不松懈抓实安全生产各项工作，以高水平安全保障高质量发展。 （三）要强化风险防控。聚焦 “ 厂中厂 ”“331” 、出租房（群租房）、建筑施工、物体打击、机械伤害等重点领域，用好 “ 火眼 2","二〇二六年七月二十五日公开资料采集整理"
"125","区政府第57次常务会议纪要","2026-04-24","常州市天宁区人民政府网站","http://www.cztn.gov.cn/html/cztn/2026/CFHMLBAH_0424/33149.html","https://www.changzhou.gov.cn/gova/wjk.php?click=m2_2&dept_id=0&keytype=title&keyword=%E4%BC%9A%E8%AE%AE%E7%BA%AA%E8%A6%81&page=1&sel_year=0&tc_id=0&tc_name=&website=tianning","栏目链接标题含会议纪要","","正文结构命中","概述： 2026年3月28日下午，区委副书记、区长李皓在天宁科技促进中心2189会议室，主持召开区政府第57次常务会议。纪要如下： 区政府第57次常务会议纪要 202 6 年 3 月 28 日 下 午， 区委副书记、区长李皓 在天宁科技促进中心 2 189 会议室，主持召开区政府第 5 7 次常务会议。纪要如下： 一、会议审议了《荡南产业园区地块房屋征收项目增补列入常州市天宁区 2026 年国民经济和社会发展计划事宜》 会议认为，实施荡南产业园区提升改造项目，是推进城区低效用地提质增效的重要举措。推进该地块的房屋征收工作，对带动片区盘活利用、促进城市有机","二〇二六年七月二十五日公开资料采集整理"
"126","市政府第92次常务会议纪要","2026-04-20","昆山市人民政府网站","https://www.ks.gov.cn/kss/zfcwhy/202604/26502b93124c4aad8073b896cd2b77bb.shtml","https://www.ks.gov.cn/kss/zfcwhy/xxgk_list.shtml","栏目链接标题含会议纪要","","正文结构命中","昆山高新区安全生产工作情况 、 特种设备及小型游乐设施领域安全防范工作情况的汇报 ， 学习 了 《婚姻登记条例》 。 会议议定以下意见： 一、传达学习习近平总书记在会见中国国民党主席郑丽文时的重要讲话精神 （一）会议传达学习了习近平总书记在会见中国国民党主席郑丽文时的重要讲话精神。会议指出，要认真研究新情况新问题，主动对标对表习近平总书记重要讲话精神，发挥昆山独特优势，深入分析昆台产业合作、人文交流、人员往来等方面的新变化新情况。要积极探索新路径新模式，持续推进昆山试验区、金改区建设，积极研究平潭、东莞、厦门等地的先行先试政策，做好历次部省际联席会议议","二〇二六年七月二十五日公开资料采集整理"
"127","区政府第56次常务会议纪要","2026-04-15","常州市天宁区人民政府网站","http://www.cztn.gov.cn/html/cztn/2026/CFHMLBAH_0415/33145.html","https://www.changzhou.gov.cn/gova/wjk.php?click=m2_2&dept_id=0&keytype=title&keyword=%E4%BC%9A%E8%AE%AE%E7%BA%AA%E8%A6%81&page=1&sel_year=0&tc_id=0&tc_name=&website=tianning","栏目链接标题含会议纪要","","正文结构命中","概述： 2026年3月10日下午，区委副书记、区长李皓在天宁科技促进中心2306会议室，主持召开区政府第56次常务会议。纪要如下： 区政府第56次常务会议纪要 202 6 年 3 月 10 日 下 午， 区委副书记、区长李皓 在天宁科技促进中心 2306 会议室，主持召开区政府第 5 6 次常务会议。纪要如下： 会议审议了 《常州市天宁区 2026 年打造一流营商环境重点任务清单》 会议认为，《任务清单》任务明确、路径清晰，标志着我区 “我有为·宁有感”服务品牌建设进入了深化实施、全面见效的新阶段。 会议要求，各牵头单位要切实扛起统筹协调责任，主动攻坚克","二〇二六年七月二十五日公开资料采集整理"
"128","区政府第51次常务会议纪要","2026-04-13","常州市武进区人民政府网站","http://www.wj.gov.cn/html/czwj/2026/BJLFPPJH_0617/79249.html","https://www.changzhou.gov.cn/gova/wjk.php?click=m2_2&dept_id=0&keytype=title&keyword=%E4%BC%9A%E8%AE%AE%E7%BA%AA%E8%A6%81&page=1&sel_year=0&tc_id=0&tc_name=&website=wujin","栏目链接标题含会议纪要","","正文结构命中","第51次常务会议纪要 2026年3月27日，区长薛晔在行政中心1号楼一楼西侧圆桌会议室，主持召开区政府第51次常务会议，纪要如下： 一、会议集体学习了习近平总书记在《求是》杂志发表的重要文章《走好中国特色金融发展之路，建设金融强国》 会议指出，要深刻领会习近平总书记重要文章的丰富内涵和核心要义，深刻把握金融工作的政治性、人民性，加强党对金融工作的领导，紧扣 “防风险、强监管、促高质量发展”工作主线，做好科技金融、绿色金融、普惠金融、养老金融、数字金融“五篇大文章”；要提升金融服务实体经济质效，有效发挥各类金融机构作用，把更多资源集中到推动实体经济高质量发","二〇二六年七月二十五日公开资料采集整理"
"129","市政府第91次常务会议纪要","2026-03-31","昆山市人民政府网站","https://www.ks.gov.cn/kss/zfcwhy/202603/8126b56608be4545ac98f6da11008110.shtml","https://www.ks.gov.cn/kss/zfcwhy/xxgk_list.shtml","栏目链接标题含会议纪要","","正文结构命中","情况的汇报 ， 审议 了 《昆山市稳定提升传统消费、培育发展新型消费三年行动方案（ 2026 — 2028 年）》 。 会议议定以下意见： 一、传达学习全国两会精神 （一）会议传达学习了全国两会精神。会议指出，全市政府系统要把学习宣传贯彻全国两会精神特别是习近平总书记两会期间重要讲话精神，作为当前和今后一个时期的重要政治任务。 （二）要深学细悟。深入学习好宣传好贯彻好习近平总书记重要讲话精神和全国两会精神，落实 “ 在研究新情况、解决新问题上下功夫、出经验 ” 等重要要求，在学深悟透中把牢前进方向，增强接续奋斗的信心决心。各单位 “ 一把手 ” 要带头学","二〇二六年七月二十五日公开资料采集整理"
"130","区政府第46次常务会议纪要","2026-03-17","常州市金坛区人民政府网站","http://www.jintan.gov.cn/html/czjt/2026/PAIHAQOE_0319/30554.html","https://www.changzhou.gov.cn/gova/wjk.php?click=m2_2&dept_id=0&keytype=title&keyword=%E4%BC%9A%E8%AE%AE%E7%BA%AA%E8%A6%81&page=1&sel_year=0&tc_id=0&tc_name=&website=jintan","栏目链接标题含会议纪要","","正文结构命中","19 废止日期 有效 内容概述 2026年3月6日上午，区长樊烨在市民中心B座一楼望华厅主持召开区政府第46次常务会议，现纪要如下：一、会议传达学习了习近平总书记近期重要讲话重要文章精神会议传达学习了习近平总书记春节前夕在北京考察并看望慰问基层干部群众时、在2026年春节团拜会上、在2月27日中共中央政治局上重要讲话精神，习近平总书记在《求是》杂志发表的《走好中国特色金融发展之路，建设金融强国》《当前经济工作的重点任务》重要文章精神。会议强调， 区政府第46次常务会议纪要 2026年3月6日上午，区长樊烨在市民中心B座一楼望华厅主持召开区政府第46次常务","二〇二六年七月二十五日公开资料采集整理"
"131","区政府第50次常务会议纪要","2026-03-12","常州市武进区人民政府网站","http://www.wj.gov.cn/html/czwj/2026/BJLFPPJH_0409/78989.html","https://www.changzhou.gov.cn/gova/wjk.php?click=m2_2&dept_id=0&keytype=title&keyword=%E4%BC%9A%E8%AE%AE%E7%BA%AA%E8%A6%81&page=1&sel_year=0&tc_id=0&tc_name=&website=wujin","栏目链接标题含会议纪要","","正文结构命中","50次常务会议纪要 2026年3月5日下午，区长薛晔在行政中心1号楼一楼西侧圆桌会议室，主持召开区政府第50次常务会议，纪要如下： 一、集体学纪：传达学习中央集中整治办《关于2026年深入推进突出问题整治和重大民生实事工作的指导意见》精神 会议强调，区纪委监委要联合相关部门，根据指导意见制定细化工作方案，把4个整治项目和10项民生实事的成果要求，逐一转化为可衡量、可验收的具体指标。要聚焦群众反映强烈的“急难愁盼”问题，用好“常宝许愿池”、12345等平台，主动听取群众呼声，积极响应群众诉求。要以点带面完善制度，举一反三堵塞漏洞，把实事办成长效事，确保成果","二〇二六年七月二十五日公开资料采集整理"
"132","市政府第90次常务会议纪要","2026-03-11","昆山市人民政府网站","https://www.ks.gov.cn/kss/zfcwhy/202603/4633b84eea804cb5b9508c580120b127.shtml","https://www.ks.gov.cn/kss/zfcwhy/xxgk_list.shtml","栏目链接标题含会议纪要","","正文结构命中","6 年 3 月 3 日 下午 ，市长范建青主持召开市政府第 90 次常务会议， 听取了交通运输领域安全防范工作情况。 会议议定以下意见： （一）原则同意市交通局关于交通运输领域安全防范工作情况的汇报。由市交通局根据会议讨论意见，抓好后续工作落实。 （二） 要紧绷思想之弦。时刻保持如履薄冰的警觉，抓好安全生产各项工作，最大限度防范各类事故发生。 （三） 要加强隐患排查。聚焦公路运营、港口航道、城市客运、公路水运工程等重点领域，开展全方位隐患排查 整治 ，切实 消除人的不安全行为、物的不安全状态、环境的不安全因素。此 外， 要加强对航道桥梁上违规撒网捕鱼致","二〇二六年七月二十五日公开资料采集整理"
"133","钟楼区政府2026年度第2次常务会议纪要","2026-02-24","常州市钟楼区人民政府网站","http://www.zhonglou.gov.cn/html/czzl/2026/FPKLLMMN_0303/24313.html","https://www.changzhou.gov.cn/gova/wjk.php?click=m2_2&dept_id=0&keytype=title&keyword=%E4%BC%9A%E8%AE%AE%E7%BA%AA%E8%A6%81&page=1&sel_year=0&tc_id=0&tc_name=&website=zhonglou","栏目链接标题含会议纪要","","正文结构命中","有效 内容概述： 2026年2月10日下午，在区机关815会议室，区长李德森主持召开区政府2026年度第2次常务会议，现纪要如下：一、会议审议了《2026年度钟楼区经济发展主要目标任务清单》《2026年度钟楼区重大产业项目实施计划清单》《2026年度钟楼区规划编制清单》《2026年土地利用清单》会议原则同意区发改局提出的《2026年度钟楼区经济发展主要目标任务清单》《2026年度钟楼区重大产业项目实施计划清单》《2026年度钟楼区规划编制清单》、区住建局提出 钟楼区政府2026年度第2次常务会议纪要 〔2026〕第2期 2026年2月10日下午，在区机","二〇二六年七月二十五日公开资料采集整理"
"134","区政府第55次常务会议纪要","2026-02-14","常州市天宁区人民政府网站","http://www.cztn.gov.cn/html/cztn/2026/CFHMLBAH_0214/33088.html","https://www.changzhou.gov.cn/gova/wjk.php?click=m2_2&dept_id=0&keytype=title&keyword=%E4%BC%9A%E8%AE%AE%E7%BA%AA%E8%A6%81&page=1&sel_year=0&tc_id=0&tc_name=&website=tianning","栏目链接标题含会议纪要","","正文结构命中","容概述： 2026年2月4日下午，区委副书记、区长李皓在天宁科技促进中心2306会议室，主持召开区政府第55次常务会议。纪要如下： 区政府第55次常务会议纪要 2026 年 2月4 日下午，区委副书记、区长李皓在天宁科技促进中心 2306 会议室，主持召开区政府第 5 5次常务会议。纪要如下： 一、会议审议了《 2026 年天宁区政府工作报告责任分解落实方案》和《 2026 年天宁区民生实事责任分解落实方案》 会议认为， 2026 年是“十五五”规划开局之年，做好政府各项工作至关重要。方案对年度政府工作和民生实事细化了举措、量化了目标、明确了分工，要对照","二〇二六年七月二十五日公开资料采集整理"
"135","区政府第54次常务会议纪要","2026-02-14","常州市天宁区人民政府网站","http://www.cztn.gov.cn/html/cztn/2026/CFHMLBAH_0214/32988.html","https://www.changzhou.gov.cn/gova/wjk.php?click=m2_2&dept_id=0&keytype=title&keyword=%E4%BC%9A%E8%AE%AE%E7%BA%AA%E8%A6%81&page=1&sel_year=0&tc_id=0&tc_name=&website=tianning","栏目链接标题含会议纪要","","正文结构命中","概述： 2026年1月27日下午，区委副书记、区长李皓在天宁科技促进中心2306会议室，主持召开区政府第54次常务会议。纪要如下： 区政府第54次常务会议纪要 2026 年 1 月 27 日下午，区委副书记、区长李皓在天宁科技促进中心 2306 会议室，主持召开区政府第 54 次常务会议。纪要如下： 一、会议听取了 2025 年度表彰天宁区“优化营商环境 促进企业高质量发展”突出贡献奖先进集体和先进个人建议名单的汇报 会议认为，做好年度表彰工作既是对先进的褒奖，更是对全区干部队伍的动员和鼓劲。 会议要求： （ 1 ） 树导向 。 综合表彰工作要以赋能企业","二〇二六年七月二十五日公开资料采集整理"
"136","市政府第89次常务会议纪要","2026-02-11","昆山市人民政府网站","https://www.ks.gov.cn/kss/zfcwhy/202602/1a28cdbeec6645539bfc92bae5c2ab61.shtml","https://www.ks.gov.cn/kss/zfcwhy/xxgk_list.shtml","栏目链接标题含会议纪要","","正文结构命中","《昆山市工业企业转贷应急资金管理办法》 修订 情况 ， 审议 了 《昆山市 “ 悦龄食堂 ” 管理办法（试行）》 。 会议议定以下意见： 一、传达学习贯彻苏州市安委会全体成员（扩大）会议精神 （ 一 ） 会议传达学习了苏州市安委会全体成员（扩大）会议精神。会议指出， 今年是“十五五”规划的开局之年，做好安全生产工作意义重大。要理念更新，加强对阶段性安全风险的系统性研判和规律性把握，加快安全治理向事前预防转型。要完善机制，持续推进“六化”建设， 健全 “ 五位一体 ” 工作体系，强化工作责任落实。要突出关键，扎实开展 “ 厂中厂 ” 、城镇燃气、高层建筑","二〇二六年七月二十五日公开资料采集整理"
"137","钟楼区政府2026年度第1次常务会议纪要","2026-02-04","常州市钟楼区人民政府网站","http://www.zhonglou.gov.cn/html/czzl/2026/FPKLLMMN_0303/24312.html","https://www.changzhou.gov.cn/gova/wjk.php?click=m2_2&dept_id=0&keytype=title&keyword=%E4%BC%9A%E8%AE%AE%E7%BA%AA%E8%A6%81&page=1&sel_year=0&tc_id=0&tc_name=&website=zhonglou","栏目链接标题含会议纪要","","正文结构命中","有效 内容概述： 2026年1月28日下午，在区机关815会议室，区长李德森主持召开区政府2026年度第1次常务会议，现纪要如下：一、会议审议了《2025年度钟楼区推动高质量发展先进集体和先进个人综合表彰名单》会议原则同意区委办提出的《2025年度钟楼区推动高质量发展先进集体和先进个人综合表彰名单》，作进一步修改完善后，提请区委常委会会议审议。二、会议审议了《政府工作报告主要目标任务和民生实事项目责任分解落实方案》会议强调，要压实责任闭环 钟楼区政府2026年度第1次常务会议纪要 〔2026〕第1期 2026年1月28日下午，在区机关815会议室，区长","二〇二六年七月二十五日公开资料采集整理"
"138","区政府第49次常务会议纪要","2026-02-03","常州市武进区人民政府网站","http://www.wj.gov.cn/html/czwj/2026/BJLFPPJH_0211/78783.html","https://www.changzhou.gov.cn/gova/wjk.php?click=m2_2&dept_id=0&keytype=title&keyword=%E4%BC%9A%E8%AE%AE%E7%BA%AA%E8%A6%81&page=1&sel_year=0&tc_id=0&tc_name=&website=wujin","栏目链接标题含会议纪要","","正文结构命中","9次常务会议纪要 2026年1月29日上午，区长薛晔在行政中心1号楼一楼西侧圆桌会议室，主持召开区政府第49次常务会议，纪要如下： 一、传达学习贯彻市“两会”精神 会议指出，市“两会”为我们做好各项工作指明了前进方向、提供了重要遵循。政府系统要深入学习贯彻市“两会”精神，把思想和行动统一到王剑锋书记、周伟市长重要讲话精神和“两会”作出的重大部署上来。 会议强调，各地各部门要推动高质量发展，筑牢“挑大梁”的产业根基，做到抓产业、抓企业、抓项目、抓创新。要创造高品质生活，践行人民至上的价值追求，加快城市更新，优化公共服务，擦亮生态底色。要推进高效能治理，筑牢","二〇二六年七月二十五日公开资料采集整理"
"139","区政府第53次常务会议纪要","2026-01-28","常州市天宁区人民政府网站","http://www.cztn.gov.cn/html/cztn/2026/CFHMLBAH_0128/32984.html","https://www.changzhou.gov.cn/gova/wjk.php?click=m2_2&dept_id=0&keytype=title&keyword=%E4%BC%9A%E8%AE%AE%E7%BA%AA%E8%A6%81&page=1&sel_year=0&tc_id=0&tc_name=&website=tianning","栏目链接标题含会议纪要","","正文结构命中","25年12月31日下午，区委副书记、副区长、代区长李皓在天宁科技促进中心2306会议室，主持召开区政府第53次常务会议。纪要如下： 区政府第53次常务会议纪要 2025 年 12 月 31 日下午，区委副书记、副区长、代区长李皓在天宁科技促进中心 2306 会议室，主持召开区政府第 53 次常务会议。纪要如下： 一、会议审议了《 2026 年常州市天宁区人民政府工作报告》和《 2026 年常州市天宁区民生实事候选项目》 会议认为，区政府工作报告整体思路清晰、结构新颖、重点突出，有力回应了总书记强调的挑大梁 “四个着力点”的重大要求，系统梳理了“十四五”期","二〇二六年七月二十五日公开资料采集整理"
"140","区政府第52次常务会议纪要","2026-01-26","常州市天宁区人民政府网站","http://www.cztn.gov.cn/html/cztn/2026/CFHMLBAH_0126/32983.html","https://www.changzhou.gov.cn/gova/wjk.php?click=m2_2&dept_id=0&keytype=title&keyword=%E4%BC%9A%E8%AE%AE%E7%BA%AA%E8%A6%81&page=1&sel_year=0&tc_id=0&tc_name=&website=tianning","栏目链接标题含会议纪要","","正文结构命中","25年12月20日上午，区委副书记、副区长、代区长李皓在天宁科技促进中心2306会议室，主持召开区政府第52次常务会议。纪要如下： 区政府第52次常务会议纪要 2025 年 12 月 20 日上午，区委副书记、副区长、代区长李皓在天宁科技促进中心 2306 会议室，主持召开区政府第 52 次常务会议。纪要如下： 一、会议审议了《常州市天宁区国家生态文明建设示范区规划（修编）（ 2024 — 2030 年）》 会议认为，编制 该规划是树立和践行 “绿水青山就是金山银山”理念、推进全区生态文明建设、创建国家生态文明建设示范区的重要举措。 会议要求： （ 1","二〇二六年七月二十五日公开资料采集整理"
"141","区政府第48次常务会议纪要","2026-01-15","常州市武进区人民政府网站","http://www.wj.gov.cn/html/czwj/2026/BJLFPPJH_0211/78782.html","https://www.changzhou.gov.cn/gova/wjk.php?click=m2_2&dept_id=0&keytype=title&keyword=%E4%BC%9A%E8%AE%AE%E7%BA%AA%E8%A6%81&page=1&sel_year=0&tc_id=0&tc_name=&website=wujin","栏目链接标题含会议纪要","","正文结构命中","次常务会议纪要 2026年1月8日下午，代理区长薛晔在行政中心1号楼一楼西侧圆桌会议室，主持召开区政府第48次常务会议，纪要如下： 一、传达学习市委办公室市政府办公室关于印发《关于切实发挥集中整治县级“主抓主战”作用的实施方案》的通知 会议强调，各级各部门要深入学习《实施方案》精神，对照方案要求，进一步强化区级统筹和督查指导，加强条块协同、联动攻坚，确保集中整治工作全域覆盖、全员参与、全力推进，切实发挥好区级在集中整治中的“主抓主战”作用，推动整治工作不断取得新成效。要持续深化集中整治，聚焦重点领域和关键环节，坚持态度不变、力度不减、重心不偏，深入剖析群","二〇二六年七月二十五日公开资料采集整理"
"142","市政府第88次常务会议纪要","2026-01-13","昆山市人民政府网站","https://www.ks.gov.cn/kss/zfcwhy/202601/1474e7ab3a5f4cbf8f23d8bb830b8af2.shtml","https://www.ks.gov.cn/kss/zfcwhy/xxgk_list.shtml","栏目链接标题含会议纪要","","正文结构命中","事备选项目建议表》《关于昆山市 2025 年预算执行情况与 2026 年预算草案的报告》《政府工作报告》（送审稿） 。 会议议定以下意见： 一、听取关于新能源汽车充电基础设施 “ 一件事 ” 全链条安全治理的情况汇报 （ 一 ） 原则同意市工信局关于新能源汽车充电基础设施 “ 一件 事 ” 全链条安全治理的情况汇报。由市工信局根据会议讨论意见，抓好后续工作落实。 （ 二 ） 要守牢安全底线。将 “ 六化 ” 建设作为 新能源汽车充电基础设施安全治理 的方法论，紧盯居民小区、商业综合体、地下车库等重点部位，压实 运营方、自建方、物业方 主体责任，全力保障人","二〇二六年七月二十五日公开资料采集整理"
"143","市政府第87次常务会议纪要","2026-01-05","昆山市人民政府网站","https://www.ks.gov.cn/kss/zfcwhy/202601/4c47cbb92a5d4083af8b54400fe76ca1.shtml","https://www.ks.gov.cn/kss/zfcwhy/xxgk_list.shtml","栏目链接标题含会议纪要","","正文结构命中","防治工作的情况汇报 ；审议了《昆山市安全生产领域举报奖励实施办法》《昆山市声环境功能区划分（ 2025 年修订版）》。 会议议定以下意见： 一、传达学习中共中央办公厅 国务院办公厅《关于做好 2026 年元旦春节期间有关工作的通知》精神 （ 一 ） 会议指出，要认真落实《通知》精神和上级工作要求，强化 “ 群众过节、干部过关 ” 意识，扎实做好困难群众帮扶、市场保供稳价、交通运输保障、安全生产、值守应急等工作，确保群众度过欢乐平安祥和的节日。 （ 二 ） 要狠抓落实。各位市领导要靠前指挥、率先垂范，各相关部门要压实责任、细化举措，把各项措施落实落细，全力","二〇二六年七月二十五日公开资料采集整理"
"144","区政府第47次常务会议纪要","2026-01-04","常州市武进区人民政府网站","http://www.wj.gov.cn/html/czwj/2026/BJLFPPJH_0211/78781.html","https://www.changzhou.gov.cn/gova/wjk.php?click=m2_2&dept_id=0&keytype=title&keyword=%E4%BC%9A%E8%AE%AE%E7%BA%AA%E8%A6%81&page=1&sel_year=0&tc_id=0&tc_name=&website=wujin","栏目链接标题含会议纪要","","正文结构命中","务会议纪要 2025年12月23日下午，代理区长薛晔在行政中心1号楼一楼西侧圆桌会议室，主持召开区政府第47次常务会议，纪要如下： 一、集体学法：《常州市优化营商环境条例》 会议强调，各相关部门要将我区2026年营商环境工作要点与《条例》要求逐项对标，研究制定清晰可操作的实施细则。要坚持问题导向，围绕企业反映强烈的审批、融资、用工等难题，推动“高效办成一件事”从“能办”向“好办、快办”升级，着力解决“政策信息不对称、资源对接不顺畅、诉求响应不充分”等问题，强化惠企政策精准推送与“免申即享”机制。要持续深化武进营商环境品牌建设，形成一批可复制、有影响的武进","二〇二六年七月二十五日公开资料采集整理"
"145","钟楼区政府2025年度第14次常务会议纪要","2025-12-29","常州市钟楼区人民政府网站","http://www.zhonglou.gov.cn/html/czzl/2026/FPKLLMMN_0105/24078.html","https://www.changzhou.gov.cn/gova/wjk.php?click=m2_2&dept_id=0&keytype=title&keyword=%E4%BC%9A%E8%AE%AE%E7%BA%AA%E8%A6%81&page=1&sel_year=0&tc_id=0&tc_name=&website=zhonglou","栏目链接标题含会议纪要","","正文结构命中","效 内容概述： 2025年12月23日下午，在区机关815会议室，区长李德森主持召开区政府2025年度第14次常务会议，现纪要如下：一、会议听取了关于钟楼区2025年度生态环境保护工作情况的汇报会议强调，要持续深入打好污染防治攻坚战，在精准、科学、依法治污上下更大功夫，推动环境质量稳步提升。要着力推动发展方式绿色转型，鼓励企业节能降碳，争创更多近零碳园区和工厂，打造绿色低碳竞争优势。要全面压实责任，形成齐抓共管的长效机制。会议原则同意 钟楼区政府2025年度第14次常务会议纪要 〔2025〕第14期 2025年12月23日下午，在区机关815会议室，区长","二〇二六年七月二十五日公开资料采集整理"
"146","市政府第86次常务会议纪要","2025-12-26","昆山市人民政府网站","https://www.ks.gov.cn/kss/zfcwhy/202512/ee6a55e15f6b4939a03d8cf51a536a4e.shtml","https://www.ks.gov.cn/kss/zfcwhy/xxgk_list.shtml","栏目链接标题含会议纪要","","正文结构命中","关于周庄镇安全生产工作的情况汇报 、 关于宗教领域安全生产工作的情况汇报 ， 学习《中华人民共和国未成年人保护法》 。 会议议定以下意见： 一、听取关于周庄镇安全生产工作的情况汇报 （一）原则同意 周庄镇关于 安全生产工作的情况汇报。由 周庄镇 根据会议讨论意见，抓好后续工作落实。 （二） 要增强忧患意识。 树牢底线思维、红线意识，压实各方责任、细化工作举措，全力抓好安全生产和消防安全各项工作，坚决防范遏制各类事故发生。 （三） 要靶向精准发力。 聚焦古镇景区、 酒店民宿、 “ 厂中厂 ” 、社会面小场所、群租房、民俗节庆活动等重点领域，精准排查隐患、","二〇二六年七月二十五日公开资料采集整理"
"147","钟楼区政府2025年度第13次常务会议纪要","2025-12-22","常州市钟楼区人民政府网站","http://www.zhonglou.gov.cn/html/czzl/2026/FPKLLMMN_0105/24077.html","https://www.changzhou.gov.cn/gova/wjk.php?click=m2_2&dept_id=0&keytype=title&keyword=%E4%BC%9A%E8%AE%AE%E7%BA%AA%E8%A6%81&page=1&sel_year=0&tc_id=0&tc_name=&website=zhonglou","栏目链接标题含会议纪要","","正文结构命中","效 内容概述： 2025年12月17日下午，在区机关815会议室，区长李德森主持召开区政府2025年度第13次常务会议，现纪要如下：一、会议听取了关于2025年度全区食品安全工作情况的报告会议强调，食品安全是民生底线，要坚持源头严防、过程严管、风险严控，聚焦学校食堂、养老领域餐饮、集配央厨等重点领域和关键环节，持续加大监管力度，坚决守护好人民群众“舌尖上的安全”。会议原则同意关于2025年度全区食品安全工作情况的报告，作进一步修改完善后， 钟楼区政府2025年度第13次常务会议纪要 〔2025〕第13期 2025年12月17日下午，在区机关815会议室，","二〇二六年七月二十五日公开资料采集整理"
"148","区政府第46次常务会议纪要","2025-12-19","常州市武进区人民政府网站","http://www.wj.gov.cn/html/czwj/2026/BJLFPPJH_0104/78507.html","https://www.changzhou.gov.cn/gova/wjk.php?click=m2_2&dept_id=0&keytype=title&keyword=%E4%BC%9A%E8%AE%AE%E7%BA%AA%E8%A6%81&page=1&sel_year=0&tc_id=0&tc_name=&website=wujin","栏目链接标题含会议纪要","","正文结构命中","务会议纪要 2025年11月28日下午，代理区长薛晔在行政中心1号楼一楼西侧圆桌会议室，主持召开区政府第46次常务会议，纪要如下： 一、集体学纪：传达学习全省集中整治工作座谈会会议精神 会议强调，要筑牢风险防线，提升工作主动性，建立“风险预警+主动排查”机制，聚焦工程建设、养老医疗、乡村振兴等群众反映强烈的重点领域，将治理关口前移，从源头上防范和化解风险。要深化以案促治，深挖典型案例背后的制度漏洞和主体责任缺失问题，推动举一反三，实现“查处一案、警示一片、治理一域”的系统性修复效果。要深化以案促治，完善制度规范，压实各方责任，构建长效管理机制，切实提升系","二〇二六年七月二十五日公开资料采集整理"
"149","区政府第51次常务会议纪要","2025-12-09","常州市天宁区人民政府网站","http://www.cztn.gov.cn/html/cztn/2025/CFHMLBAH_1209/32792.html","https://www.changzhou.gov.cn/gova/wjk.php?click=m2_2&dept_id=0&keytype=title&keyword=%E4%BC%9A%E8%AE%AE%E7%BA%AA%E8%A6%81&page=1&sel_year=0&tc_id=0&tc_name=&website=tianning","栏目链接标题含会议纪要","","正文结构命中","25年11月22日上午，区委副书记、副区长、代区长李皓在天宁科技促进中心2306会议室，主持召开区政府第51次常务会议。纪要如下： 区政府第51次常务会议纪要 202 5 年 11 月 22 日 上 午， 区委副书记、副区长、代 区长 李皓 在天宁科技促进中心 2306 会议室，主持召开区政府第 51 次常务会议。纪要如下： 一、会议审议了《天宁区贯彻落实第三轮中央生态环境保护督察报告整改方案》 会议认为，中央生态环境保护督察是习近平总书记亲自谋划、亲自部署、亲自推动的一项重点工作，要切实抓好督察整改，全力推进生态文明建设和生态环境保护工作。 会议要求：","二〇二六年七月二十五日公开资料采集整理"
"150","市政府第85次常务会议纪要","2025-12-01","昆山市人民政府网站","https://www.ks.gov.cn/kss/zfcwhy/202512/061280e677bf44adb15e41d4ca1651ee.shtml","https://www.ks.gov.cn/kss/zfcwhy/xxgk_list.shtml","栏目链接标题含会议纪要","","正文结构命中","治理工作的情况汇报 ， 审议《关于加快推进昆山市新能源汽车推广应用工作的实施意见（ 2026 — 2028 年）》 。 会议议定以下意见： 一、听取关于 淀山湖 镇安全生产工作的情况汇报 （一）原则同意 淀山湖镇关于 安全生产工作的情况汇报。由 淀山湖镇 根据会议讨论意见，抓好后续工作落实。 （二）要强化风险研判。坚决克服经验主义、麻痹思想，全面加强对季节性、阶段性风险的系统性研判和规律性把握，将安全措施想在前、做在前，严防各类事故发生。 （三）要精准防范风险。紧盯 “ 厂中厂 ” 、集宿区、养老机构等重点场所，以及用火用电用气等重点领域， 常态化 用好","二〇二六年七月二十五日公开资料采集整理"
"151","区政府第45次常务会议纪要","2025-11-20","常州市武进区人民政府网站","http://www.wj.gov.cn/html/czwj/2025/BJLFPPJH_1201/78348.html","https://www.changzhou.gov.cn/gova/wjk.php?click=m2_2&dept_id=0&keytype=title&keyword=%E4%BC%9A%E8%AE%AE%E7%BA%AA%E8%A6%81&page=1&sel_year=0&tc_id=0&tc_name=&website=wujin","栏目链接标题含会议纪要","","正文结构命中","务会议纪要 2025年10月18日上午，代理区长薛晔在行政中心1号楼一楼西侧圆桌会议室，主持召开区政府第45次常务会议，纪要如下： 一、集体学法：《地方党政领导干部生态环境保护责任制规定（试行）》 会议强调，各地各部门要深刻学习领会《规定》精神，把握中央关于生态文明建设战略部署核心要义，坚决扛起生态保护政治责任。要健全责任体系，坚决落实“党政同责”和“三管三必须”原则，对标《规定》要求，细化完善生态环境保护责任清单，构建并完善党委领导、政府负责、部门协同、社会参与的生态保护工作格局。要严格监督考核，树立实干导向、从严基调，将责任制落实情况纳入领导干部考核","二〇二六年七月二十五日公开资料采集整理"
"152","区政府第50次常务会议纪要","2025-11-14","常州市天宁区人民政府网站","http://www.cztn.gov.cn/html/cztn/2025/CFHMLBAH_1114/32791.html","https://www.changzhou.gov.cn/gova/wjk.php?click=m2_2&dept_id=0&keytype=title&keyword=%E4%BC%9A%E8%AE%AE%E7%BA%AA%E8%A6%81&page=1&sel_year=0&tc_id=0&tc_name=&website=tianning","栏目链接标题含会议纪要","","正文结构命中","25年10月16日下午，区委副书记、副区长、代区长李皓在天宁科技促进中心2306会议室，主持召开区政府第50次常务会议。纪要如下： 区政府第50次常务会议纪要 202 5 年 10 月 16 日 下 午， 区委副书记、副区长、代 区长 李皓 在天宁科技促进中心 2306 会议室，主持召开区政府第 50 次常务会议。纪要如下： 一、会议审议了《关于进一步规范政府投资项目管理的意见》 会议认为，制定该意见，能够进一步规范政府投资项目决策和立项管理，加强政府性投资项目决策风险防控，提高政府投资效率。 会议要求： （ 1 ）精准谋划。 政府投资项目要坚持 “必要","二〇二六年七月二十五日公开资料采集整理"
"153","市政府第84次常务会议纪要","2025-11-06","昆山市人民政府网站","https://www.ks.gov.cn/kss/zfcwhy/202511/61c785472c2f4178bf1b1e2bc640f7df.shtml","https://www.ks.gov.cn/kss/zfcwhy/xxgk_list.shtml","栏目链接标题含会议纪要","","正文结构命中","关于全市危废处置及辐射领域安全防范的情况汇报 ， 学习考古前置新政 、 《中华人民共和国突发公共卫生事件应对法》 。 会议议定以下意见： 一、传达学习 党的二十届四中全会精神 （一）会议传达学习了党的二十届四中全会精神。会议指出，此次全会是在向第二个百年奋斗目标进军的新征程上举行的一次 十分重要的会议，必将对党和国家事业发展产生重大而深远的影响。 （二）要学深悟透，准确把握党的二十届四中全会的重大意义。把学习贯彻全会精神作为当前和今后一个时期的重大政治任务，主动对标对表、一体学习贯彻、自觉服务大局，奋力在中国式现代化建设新征程中勇当探索者、引领者 。","二〇二六年七月二十五日公开资料采集整理"
"154","区政府第49次常务会议纪要","2025-10-30","常州市天宁区人民政府网站","http://www.cztn.gov.cn/html/cztn/2025/CFHMLBAH_1030/32672.html","https://www.changzhou.gov.cn/gova/wjk.php?click=m2_2&dept_id=0&keytype=title&keyword=%E4%BC%9A%E8%AE%AE%E7%BA%AA%E8%A6%81&page=1&sel_year=0&tc_id=0&tc_name=&website=tianning","栏目链接标题含会议纪要","","正文结构命中","025年9月30日下午，区委副书记、副区长、代区长李皓在天宁科技促进中心2306会议室，主持召开区政府第49次常务会议。纪要如下： 区政府第49次常务会议纪要 202 5 年 9 月 30 日 下 午， 区委副书记、副区长、代区长李皓 在天宁科技促进中心 2306 会议室，主持召开区政府第 49 次常务会议。纪要如下： 一、会议听取了关于实施东青片区定点商品住宅房屋置换天宁区所持住宅现房活动（第二期）的汇报 会议认为，开展定点商品住宅房屋置换天宁区所持住宅现房活动，有利于缩小安置缺口、提升安置效率、节约过渡资金。 会议要求： （ 1 ） 规范程序。 细化","二〇二六年七月二十五日公开资料采集整理"
"155","市政府第83次常务会议纪要","2025-10-16","昆山市人民政府网站","https://www.ks.gov.cn/kss/zfcwhy/202510/cb57d8332db5454da60723d2011d7179.shtml","https://www.ks.gov.cn/kss/zfcwhy/xxgk_list.shtml","栏目链接标题含会议纪要","","正文结构命中","全防范的情况汇报 ， 审议《关于助推经济高质量发展的若干政策意见》《关于发展战略新兴产业及未来产业的若干政策意见》 。 会议议定以下意见： 一、听取关于陆家镇安全生产工作的情况汇报 （一）原则同意 陆家镇关于陆家镇安全生产工作的情况汇报。由陆家镇根据会议讨论意见，抓好后续工作落实。 （二）要坚持 “ 紧 ” 的意识。 认真汲取事故教训， 坚决杜绝经验主义、麻痹思想，举一反三、查漏补缺，全面落实安全生产各项举措，严防各类事故发生。 陆家镇要加快D级危房清零，严格落实“两通两分”（消防通道、油烟通道、人车分离、人瓶分离）要求，强化风险源头防控。 （三）要加大","二〇二六年七月二十五日公开资料采集整理"
"156","区政府第48次常务会议纪要","2025-10-16","常州市天宁区人民政府网站","http://www.cztn.gov.cn/html/cztn/2025/CFHMLBAH_1016/32671.html","https://www.changzhou.gov.cn/gova/wjk.php?click=m2_2&dept_id=0&keytype=title&keyword=%E4%BC%9A%E8%AE%AE%E7%BA%AA%E8%A6%81&page=1&sel_year=0&tc_id=0&tc_name=&website=tianning","栏目链接标题含会议纪要","","正文结构命中","025年8月23日下午，区委副书记、副区长、代区长李皓在天宁科技促进中心2306会议室，主持召开区政府第48次常务会议。纪要如下： 区政府第48次常务会议纪要 202 5 年 8 月 23 日 下 午， 区委副书记、副区长、代 区长 李皓 在天宁科技促进中心 2306 会议室，主持召开区政府第 48 次常务会议。纪要如下： 一、会议审议了《 2025 年度政府投资建设项目计划调整报告》 会议强调，要严格按照政府投资项目管理办法等相关规定，按照 “必须必要”原则，规范做好项目增补工作，落实资金来源，强化项目管理，按时保质完成项目建设，尽快投用见效。同时，要","二〇二六年七月二十五日公开资料采集整理"
"157","区政府第47次常务会议纪要","2025-09-30","常州市天宁区人民政府网站","http://www.cztn.gov.cn/html/cztn/2025/CFHMLBAH_0930/32670.html","https://www.changzhou.gov.cn/gova/wjk.php?click=m2_2&dept_id=0&keytype=title&keyword=%E4%BC%9A%E8%AE%AE%E7%BA%AA%E8%A6%81&page=1&sel_year=0&tc_id=0&tc_name=&website=tianning","栏目链接标题含会议纪要","","正文结构命中","025年7月19日上午，区委副书记、副区长、代区长李皓在天宁科技促进中心2306会议室，主持召开区政府第47次常务会议。纪要如下： 区政府第47次常务会议纪要 202 5 年 7 月 19 日 上 午， 区委副书记、副区长、代 区长 李皓 在天宁科技促进中心 2306 会议室，主持召开区政府第 47 次常务会议。纪要如下： 一、听取《关于收回创志科技（江苏）股份有限公司舜中路北侧、舜河西路西侧地块土地使用权的情况汇报》 会议原则同意收回创志科技舜中路北侧、舜河西路西侧地块国有土地使用权，相关部门要依法依规、按程序办理报批手续。 二、会议审议了《常州市天宁","二〇二六年七月二十五日公开资料采集整理"
"158","钟楼区政府2025年度第9次常务会议纪要","2025-09-29","常州市钟楼区人民政府网站","http://www.zhonglou.gov.cn/html/czzl/2026/FPKLLMMN_0105/24076.html","https://www.changzhou.gov.cn/gova/wjk.php?click=m2_2&dept_id=0&keytype=title&keyword=%E4%BC%9A%E8%AE%AE%E7%BA%AA%E8%A6%81&page=1&sel_year=0&tc_id=0&tc_name=&website=zhonglou","栏目链接标题含会议纪要","","正文结构命中","有效 内容概述： 2025年9月23日下午，在区机关815会议室，区长李德森主持召开区政府2025年度第9次常务会议，现纪要如下：一、会议审议了《常州市钟楼区人民政府关于划定陆生野生动物禁猎区和禁猎期等禁猎事项的通告》会议强调，要强化宣传引导，切实提升全社会保护野生动物的自觉性；要严格执法监管，进一步压实责任链条，健全“划、管、护、打”一体化机制。会议原则同意钟楼资规分局提出的《常州市钟楼区人民政府关于划定陆生野生动物禁猎区和禁猎 钟楼区政府2025年度第9次常务会议纪要 〔2025〕第9期 2025年9月23日下午，在区机关815会议室，区长李德森主","二〇二六年七月二十五日公开资料采集整理"
"159","市政府第82次常务会议纪要","2025-09-23","昆山市人民政府网站","https://www.ks.gov.cn/kss/zfcwhy/202509/9a511d3a61dc4cc0b858730c4f0f9899.shtml","https://www.ks.gov.cn/kss/zfcwhy/xxgk_list.shtml","栏目链接标题含会议纪要","","正文结构命中","听取关于周市镇安全生产工作的情况汇报，审议《昆山市推动具身智能产业创新发展行动方案（ 2025 — 2027 年）》。 会议议定以下意见： 一、听取关于周市镇安全生产工作的情况汇报 （一）原则同意周市镇关于周市镇安全生产工作的情况汇报。由周市镇根据会议讨论意见，抓好后续工作落实。 （二）要绷紧思想之弦。坚决克服经验主义、麻痹思想，纵深推进 “ 六化 ” 建设、压紧压实 “ 三个责任 ” ，真正把安全生产工作放在心上抓在手上。针对国庆、中秋假期临近及高温、强对流等极端天气多发的复杂形势，要组织节前安全大排查大整治，完善应急预案、抓好培训演练，确保节日期间安","二〇二六年七月二十五日公开资料采集整理"
"160","区政府第44次常务会议纪要","2025-09-18","常州市武进区人民政府网站","http://www.wj.gov.cn/html/czwj/2025/BJLFPPJH_1031/78192.html","https://www.changzhou.gov.cn/gova/wjk.php?click=m2_2&dept_id=0&keytype=title&keyword=%E4%BC%9A%E8%AE%AE%E7%BA%AA%E8%A6%81&page=1&sel_year=0&tc_id=0&tc_name=&website=wujin","栏目链接标题含会议纪要","","正文结构命中","次常务会议纪要 2025年9月5日下午，代理区长薛晔在行政中心1号楼一楼西侧圆桌会议室，主持召开区政府第44次常务会议，纪要如下： 一、集体学纪：传达学习中共中央、国务院印发修订后的《党政机关厉行节约反对浪费条例》精神 会议指出，学习贯彻《条例》是落实中央八项规定精神、深化作风建设的重要举措，对弘扬艰苦奋斗优良传统、推进廉洁政府建设具有重要意义。 会议强调，各级各部门要对标《条例》最新要求，持续完善政府支出各领域操作细则，确保标准清晰、程序严密、约束刚性；要严格监管，强化关键环节的预算约束和过程监控，健全预算执行全过程动态监控机制。各级领导干部要带头表率","二〇二六年七月二十五日公开资料采集整理"
"161","钟楼区政府2025年度第8次常务会议纪要","2025-08-28","常州市钟楼区人民政府网站","http://www.zhonglou.gov.cn/html/czzl/2025/FPKLLMMN_0901/23661.html","https://www.changzhou.gov.cn/gova/wjk.php?click=m2_2&dept_id=0&keytype=title&keyword=%E4%BC%9A%E8%AE%AE%E7%BA%AA%E8%A6%81&page=1&sel_year=0&tc_id=0&tc_name=&website=zhonglou","栏目链接标题含会议纪要","","正文结构命中","有效 内容概述： 2025年8月21日上午，在区机关815会议室，区长李德森主持召开区政府2025年度第8次常务会议，现纪要如下：一、会议听取了关于钟楼区第三轮地方志书编修准备情况的汇报、审议了《常州市钟楼区第三轮地方志书编修工作意见》《〈钟楼区志〉编修工作实施方案》《关于成立钟楼区地方志书编纂委员会的通知》会议强调，要深入学习贯彻习近平总书记关于史志工作的重要论述，充分认识“为党立言、为国存史、为民修志”的重要使命，将新一轮修志 钟楼区政府2025年度第8次常务会议纪要 〔2025〕第8期 2025年8月21日上午，在区机关815会议室，区长李德森主","二〇二六年七月二十五日公开资料采集整理"
"162","市政府第81次常务会议纪要","2025-08-26","昆山市人民政府网站","https://www.ks.gov.cn/kss/zfcwhy/202508/e8e7219a89dd4c5d8d10b35085bc4952.shtml","https://www.ks.gov.cn/kss/zfcwhy/xxgk_list.shtml","栏目链接标题含会议纪要","","正文结构命中","025 年 8 月 19 日下午，市长范建青主持召开市政府第 81 次常务会议，听取关于张浦镇安全生产工作的情况汇报。 会议议定以下意见： （一）原则同意张浦镇关于张浦镇安全生产工作的情况汇报。由张浦镇根据会议讨论意见，抓好后续工作落实。 （二）要强化责任落实。清醒认识严峻形势，坚决扛起属地责任，深入推进 “ 六化 ” 建设，真正做到守土有责、守土负责、守土尽责。 （三）要抓好隐患治理。聚焦 “ 厂中厂 ” 、社会面小场所、委外作业等突出问题和薄弱环节，加大日常巡查力度，扎实开展隐患排查治理和风险源头管控，从根本上消除事故隐患。 （四）要细化工作机制。用","二〇二六年七月二十五日公开资料采集整理"
"163","市政府第80次常务会议纪要","2025-08-12","昆山市人民政府网站","https://www.ks.gov.cn/kss/zfcwhy/202508/fd811b0546664a50a91ebf78ae11520a.shtml","https://www.ks.gov.cn/kss/zfcwhy/xxgk_list.shtml","栏目链接标题含会议纪要","","正文结构命中","生产工作的情况汇报，学习《中华人民共和国粮食安全保障法》，审议《昆山市家校社协同育人 “ 教联体 ” 工作实施方案》。 会议议定以下意见： 一、听取关于昆山开发区安全生产工作的情况汇报 （一）原则同意昆山开发区关于昆山开发区安全生产工作的情况汇报。由昆山开发区根据会议讨论意见，抓好后续工作落实。 （二）要保持高度警醒。认清严峻形势，克服经验主义，毫不松懈抓好安全生产各项工作，全面提升本质安全水平。 （三）要突出问题导向。针对 “ 厂中厂 ” 、委外作业等重点领域、关键环节，以及新能源、再生资源回收新兴业态、交叉领域，强化数字化监管，大力推广 “ 苏芯焊","二〇二六年七月二十五日公开资料采集整理"
"164","区政府第43次常务会议纪要","2025-08-11","常州市武进区人民政府网站","http://www.wj.gov.cn/html/czwj/2025/BJLFPPJH_0821/77938.html","https://www.changzhou.gov.cn/gova/wjk.php?click=m2_2&dept_id=0&keytype=title&keyword=%E4%BC%9A%E8%AE%AE%E7%BA%AA%E8%A6%81&page=1&sel_year=0&tc_id=0&tc_name=&website=wujin","栏目链接标题含会议纪要","","正文结构命中","次常务会议纪要 2025年8月5日下午，代理区长薛晔在行政中心1号楼一楼西侧圆桌会议室，主持召开区政府第43次常务会议，纪要如下： 一、集体学法：《中华人民共和国民营经济促进法》 会议指出，面临复杂的经济形势和严峻的发展挑战，要深入贯彻落实《民营经济促进法》，保障企业健康平稳发展。 会议强调，各相关单位要抓紧配套落实，严格对照法律要求，全面研究梳理各自领域的配套措施，抓好市场准入壁垒清理、行政执法标准规范等具体工作。要强化宣传引导，运用各种渠道扩大宣传，把法律的核心要义和实实在在的惠企措施讲清楚、说明白，梳理一批先进典型案例，提振企业家的信心和预期。工商","二〇二六年七月二十五日公开资料采集整理"
"165","区政府第46次常务会议纪要","2025-08-04","常州市天宁区人民政府网站","http://www.cztn.gov.cn/html/cztn/2025/CFHMLBAH_0804/32667.html","https://www.changzhou.gov.cn/gova/wjk.php?click=m2_2&dept_id=0&keytype=title&keyword=%E4%BC%9A%E8%AE%AE%E7%BA%AA%E8%A6%81&page=1&sel_year=0&tc_id=0&tc_name=&website=tianning","栏目链接标题含会议纪要","","正文结构命中","容概述： 2025年6月12日上午，区委书记、区长张凯奇在天宁科技促进中心2306会议室主持召开区政府第46次常务会议。纪要如下： 区政府第46次常务会议纪要 2025 年 6 月 12 日上午，区委书记、区长张凯奇在天宁科技促进中心 2306 会议室主持召开区政府第 46 次常务会议。纪要如下： 一 、会议审议了 《常州市天宁区 2025 年度对口支援协作合作工作要点》 会议认为，开展东西部协作，是党中央着眼推动区域协调发展、促进共同富裕作出的重大决策，要不折不扣抓好贯彻落实。 会议要求，各级各部门要统一思想、凝聚共识，紧扣 “守底线、抓发展、促振兴”","二〇二六年七月二十五日公开资料采集整理"
"166","钟楼区政府2025年度第7次常务会议纪要","2025-08-01","常州市钟楼区人民政府网站","http://www.zhonglou.gov.cn/html/czzl/2025/FPKLLMMN_0901/23660.html","https://www.changzhou.gov.cn/gova/wjk.php?click=m2_2&dept_id=0&keytype=title&keyword=%E4%BC%9A%E8%AE%AE%E7%BA%AA%E8%A6%81&page=1&sel_year=0&tc_id=0&tc_name=&website=zhonglou","栏目链接标题含会议纪要","","正文结构命中","有效 内容概述： 2025年7月24日下午，在区机关815会议室，区长李德森主持召开区政府2025年度第7次常务会议，现纪要如下：一、会议听取了关于钟楼区污染防治攻坚半年度工作情况暨中央生态环境保护督察整改推进情况的汇报会议强调，今年是新一轮太湖综合治理的攻坚之年。各级各部门要锚定年度目标任务不动摇，始终坚持问题导向，聚焦中央及省环保督察反馈、群众关切等突出问题整改，分工协作、共同发力，积极进行系统谋划，坚决打好打赢污染防治攻坚战 钟楼区政府2025年度第7次常务会议纪要 〔2025〕第7期 2025年7月24日下午，在区机关815会议室，区长李德森主","二〇二六年七月二十五日公开资料采集整理"
"167","市政府第79次常务会议纪要","2025-07-30","昆山市人民政府网站","https://www.ks.gov.cn/kss/zfcwhy/202507/039e2ff0736a4632ba6fc715956e89cc.shtml","https://www.ks.gov.cn/kss/zfcwhy/xxgk_list.shtml","栏目链接标题含会议纪要","","正文结构命中","情况汇报，听取关于千灯镇安全生产工作的情况汇报，审议《昆山市足球高质量发展三年行动计划（ 2025-2027 年）》。 会议议定以下意见： 一、 传达学习中央城市工作会议精神 （一） 会议传达学习了中央城市工作会议精神。会议指出，城市是现代化建设的 “火车头”，也是高质量发展的主引擎。要遵循城市发展的客观规律，准确把握历史方位，以人为核心推动城市规划、建设、治理，扎实推进城市高质量发展。 （二） 要增强使命担当。深入领会城市工作的总体要求，自觉践行人民城市理念，结合 “十五五”规划编制，进一步做到精心规划、精致建设、精细管理、精明增长、精益涵养，让城市建","二〇二六年七月二十五日公开资料采集整理"
"168","区政府第40次常务会议纪要","2025-07-28","常州市金坛区人民政府网站","http://www.jintan.gov.cn/html/czjt/2025/PAIHAQOE_0820/30108.html","https://www.changzhou.gov.cn/gova/wjk.php?click=m2_2&dept_id=0&keytype=title&keyword=%E4%BC%9A%E8%AE%AE%E7%BA%AA%E8%A6%81&page=1&sel_year=0&tc_id=0&tc_name=&website=jintan","栏目链接标题含会议纪要","","正文结构命中","废止日期 有效 内容概述 2025年7月17日上午，区长胥亚伟在市民中心B座一楼望华厅主持召开区政府第40次常务会议，现纪要如下：一、会议传达学习了《中华人民共和国民营经济促进法》会议要求，各级各部门要提高思想认识，全面理解、深刻把握促进民营经济发展的新理念、新要求，切实增强贯彻实施的主动性、自觉性；要抓好学习宣传，充分利用多种渠道、平台和载体开展法律宣传和学习培训，推动社会各界知法守法、凝聚共识；要推动落地落实，建立健全促进民营经 区政府第40次常务会议纪要 2025年7月17日上午，区长胥亚伟在市民中心B座一楼望华厅主持召开区政府第40次常务会议，","二〇二六年七月二十五日公开资料采集整理"
"169","市政府第78次常务会议纪要","2025-07-10","昆山市人民政府网站","https://www.ks.gov.cn/kss/zfcwhy/202507/be9390b0d03d4b428faf750edbca2138.shtml","https://www.ks.gov.cn/kss/zfcwhy/xxgk_list.shtml","栏目链接标题含会议纪要","","正文结构命中","《关于深化 “ 昆山工匠 ” 培育工程实施 “ 技能照亮前程 ” 三年行动计划方案（ 2025 — 2027 年）》。 会议议定以下意见： 一、传达学习《党政机关厉行节约反对浪费条例》 （一）会议传达学习了《党政机关厉行节约反对浪费条例》。会议指出，厉行节约、反对浪费是党的光荣传统和优良作风，要进一步弘扬艰苦奋斗、勤俭节约的优良作风，推进党政机关厉行节约反对浪费，加快节约型机关建设。 （二）要在思想上紧起来。结合深入贯彻中央八项规定精神学习教育，认真抓好《条例》学习宣传和贯彻落实，精打细算、强化约束、严控支出，以优良党风政风引领社风民风。 （三）要在行动","二〇二六年七月二十五日公开资料采集整理"
"170","钟楼区政府2025年度第6次常务会议纪要","2025-07-01","常州市钟楼区人民政府网站","http://www.zhonglou.gov.cn/html/czzl/2025/FPKLLMMN_0901/23659.html","https://www.changzhou.gov.cn/gova/wjk.php?click=m2_2&dept_id=0&keytype=title&keyword=%E4%BC%9A%E8%AE%AE%E7%BA%AA%E8%A6%81&page=1&sel_year=0&tc_id=0&tc_name=&website=zhonglou","栏目链接标题含会议纪要","","正文结构命中","有效 内容概述： 2025年6月23日上午，在区机关815会议室，区长李德森主持召开区政府2025年度第6次常务会议，现纪要如下：一、会议集体观看了《安全责任·重于泰山》安全生产警示教育片会议强调，安全生产是底线、红线，更是生命线。要坚持人民至上、生命至上，坚决克服麻痹思想和侥幸心理，切实以案为鉴，始终保持如履薄冰的警觉，压紧压实“三管三必须”责任，强化隐患排查整治，坚决防范重特大事故发生，确保社会大局稳定。二、会议审议了《常州市 钟楼区政府2025年度第6次常务会议纪要 〔2025〕第6期 2025年6月23日上午，在区机关815会议室，区长李德森主","二〇二六年七月二十五日公开资料采集整理"
"171","区政府第42次常务会议纪要","2025-06-27","常州市武进区人民政府网站","http://www.wj.gov.cn/html/czwj/2025/BJLFPPJH_0821/77934.html","https://www.changzhou.gov.cn/gova/wjk.php?click=m2_2&dept_id=0&keytype=title&keyword=%E4%BC%9A%E8%AE%AE%E7%BA%AA%E8%A6%81&page=1&sel_year=0&tc_id=0&tc_name=&website=wujin","栏目链接标题含会议纪要","","正文结构命中","次常务会议纪要 2025年6月23日上午，区长恽淇丞在行政中心1号楼一楼西侧圆桌会议室，主持召开区政府第42次常务会议，纪要如下： 一、集体学纪：传达学习《农村基层干部廉洁履行职责规定》 会议强调，纪委监委和各板块要结合基层干部特点，因地制宜组织开展好宣讲教育，与八项规定学习教育有机结合，纳入镇村干部各级各类培训课程中，推动学习全覆盖。要健全监督体系，聚焦惠农资金、集体“三资”、工程建设等重点领域和关键环节，整合纪委监委专责监督、部门职能监督、群众民主监督力量，完善信息共享和线索移送机制，严肃查处违反《规定》、侵害群众利益的突出问题，强化对“小微权力”运","二〇二六年七月二十五日公开资料采集整理"
"172","市政府第77次常务会议纪要","2025-06-20","昆山市人民政府网站","https://www.ks.gov.cn/kss/zfcwhy/202506/ed22f6ec5cea4d0d9deed833bcddb2b5.shtml","https://www.ks.gov.cn/kss/zfcwhy/xxgk_list.shtml","栏目链接标题含会议纪要","","正文结构命中","年 6 月 9 日上午，市长范建青主持召开市政府第 77 次常务会议，听取关于花桥经济开发区安全生产工作的情况汇报。 会议议定以下意见： （一）原则同意花桥经济开发区关于花桥经济开发区安全生产工作的情况汇报。由花桥经济开发区根据会议讨论意见，抓好后续工作落实。 （二）要绷紧思想之弦。克服经验主义和麻痹思想，举一反三、查漏补缺，深入推进 “ 六化 ” 建设，着力消除人的不安全行为、物的不安全状态、环境的不安全因素，用高水平安全护航高质量发展。近期，省委、省政府对苏州市开展新一轮安全生产巡查，要以此为契机，进一步完善安全生产责任体系、隐患排查治理体系、基层","二〇二六年七月二十五日公开资料采集整理"
"173","区政府第45次常务会议纪要","2025-06-05","常州市天宁区人民政府网站","http://www.cztn.gov.cn/html/cztn/2025/CFHMLBAH_0605/32425.html","https://www.changzhou.gov.cn/gova/wjk.php?click=m2_2&dept_id=0&keytype=title&keyword=%E4%BC%9A%E8%AE%AE%E7%BA%AA%E8%A6%81&page=1&sel_year=0&tc_id=0&tc_name=&website=tianning","栏目链接标题含会议纪要","","正文结构命中","概述： 2025年5月15日上午，区委书记、区长张凯奇在天宁科技促进中心2306会议室，主持召开区政府第45次常务会议。纪要如下： 区政府第45次常务会议纪要 2025年5月15日上午，区委书记、区长张凯奇在天宁科技促进中心2306会议室，主持召开区政府第45次常务会议。纪要如下： 一、会议听取了全区“厂中厂”综合治理专项情况汇报 会议认为，“厂中厂”企业普遍存在业态繁杂、管理无序、风险隐匿等难题，给安全生产管理带来极大挑战。今年以来，区安委会将“厂中厂”作为整治重点，统筹协调各板块和行业部门，紧盯不放、常抓不懈，扎实开展风险隐患排查整治，安全形势稳定向","二〇二六年七月二十五日公开资料采集整理"
"174","市政府第76次常务会议纪要","2025-06-03","昆山市人民政府网站","https://www.ks.gov.cn/kss/zfcwhy/202506/acbd6db979a648aeb086b3adcbe8c022.shtml","https://www.ks.gov.cn/kss/zfcwhy/xxgk_list.shtml","栏目链接标题含会议纪要","","正文结构命中","重要指示精神，听取关于 2024 年度昆山市食品药品安全工作的情况汇报、关于昆山市科研机构、实验室安全防范情况的汇报。 会议议定以下意见： 一、传达学习习近平总书记在《求是》杂志发表的重要文章《锲而不舍落实中央八项规定精神 以优良党风引领社风民风》 （一）会议传达学习了习近平总书记在《求是》杂志发表的 重要文章《锲而不舍落实中央八项规定精神，以优良党风引领社风 民风》。会议指出，落实中央八项规定精神是一场攻坚战、持久战，必须常抓不懈、久久为功。 （二）政府 组成部门具体承担行政管理职能，与群众和企业联系密切，要以更高标准、更严要求抓好党风廉政建设。要 以","二〇二六年七月二十五日公开资料采集整理"
"175","区政府第44次常务会议纪要","2025-05-23","常州市天宁区人民政府网站","http://www.cztn.gov.cn/html/cztn/2025/CFHMLBAH_0523/32424.html","https://www.changzhou.gov.cn/gova/wjk.php?click=m2_2&dept_id=0&keytype=title&keyword=%E4%BC%9A%E8%AE%AE%E7%BA%AA%E8%A6%81&page=1&sel_year=0&tc_id=0&tc_name=&website=tianning","栏目链接标题含会议纪要","","正文结构命中","容概述： 2025年4月27日上午，区委书记、区长张凯奇在天宁科技促进中心2306会议室主持召开区政府第44次常务会议。纪要如下： 区政府第44次常务会议纪要 2025年4月27日上午，区委书记、区长张凯奇在天宁科技促进中心2306会议室主持召开区政府第44次常务会议。纪要如下： 一、会议审议了《2025年集中建设项目计划》 会议认为，政府投资非盈利性工程建设项目集中建设是优化资源配置、提升财政资金效益的重要抓手。本次计划涵盖道路基础设施、环境整治、民生配套等重点领域，对完善城市功能、促进产城融合具有支撑作用。 会议要求：（1）强化统筹协调。住建局牵头建","二〇二六年七月二十五日公开资料采集整理"
"176","钟楼区政府2025年度第4次常务会议纪要","2025-05-12","常州市钟楼区人民政府网站","http://www.zhonglou.gov.cn/html/czzl/2025/FPKLLMMN_0527/23327.html","https://www.changzhou.gov.cn/gova/wjk.php?click=m2_2&dept_id=0&keytype=title&keyword=%E4%BC%9A%E8%AE%AE%E7%BA%AA%E8%A6%81&page=1&sel_year=0&tc_id=0&tc_name=&website=zhonglou","栏目链接标题含会议纪要","","正文结构命中","： 有效 内容概述： 2025年5月9日上午，在区机关815会议室，区长李德森主持召开区政府2025年度第4次常务会议，现纪要如下：一、会议审议了《关于进一步规范钟楼区政府投资项目档案管理工作的意见》会议强调，各板块、各部门要严格按照《意见》要求，落实档案管理责任，进一步提升政府投资项目档案管理的科学化、规范化水平。要健全档案管理机制，落实“一项目一台账一档案”要求，强化闭环管理，推进数字化建设，确保数据安全。会议原则同意区发改局提 钟楼区政府2025年度第4次常务会议纪要 〔2025〕第4期 2025年5月9日上午，在区机关815会议室，区长李德森主持","二〇二六年七月二十五日公开资料采集整理"
"177","区政府第43次常务会议纪要","2025-04-30","常州市天宁区人民政府网站","http://www.cztn.gov.cn/html/cztn/2025/CFHMLBAH_0430/32423.html","https://www.changzhou.gov.cn/gova/wjk.php?click=m2_2&dept_id=0&keytype=title&keyword=%E4%BC%9A%E8%AE%AE%E7%BA%AA%E8%A6%81&page=1&sel_year=0&tc_id=0&tc_name=&website=tianning","栏目链接标题含会议纪要","","正文结构命中","容概述： 2025年3月29日下午，区委书记、区长张凯奇在天宁科技促进中心2306会议室主持召开区政府第43次常务会议。纪要如下： 区政府第43次常务会议纪要 2024年12月25日下午，区长张凯奇在天宁科技促进中心2306会议室，主持召开区政府第39次常务会议。纪要如下： 一、会议审议了《2025年政府工作报告》和《2025年度区民生实事候选项目》 会议认为，《天宁区人民政府工作报告》是全区上下集思广益、凝聚众智的结晶。总结成绩部分，有力回应了2024年中央和省、市委部署的“万亿之城再出发”“锻造新质生产力”“进一步深化改革”等重点任务，对全年政府工作","二〇二六年七月二十五日公开资料采集整理"
"178","钟楼区政府2025年度第3次常务会议纪要","2025-04-28","常州市钟楼区人民政府网站","http://www.zhonglou.gov.cn/html/czzl/2025/FPKLLMMN_0527/23326.html","https://www.changzhou.gov.cn/gova/wjk.php?click=m2_2&dept_id=0&keytype=title&keyword=%E4%BC%9A%E8%AE%AE%E7%BA%AA%E8%A6%81&page=1&sel_year=0&tc_id=0&tc_name=&website=zhonglou","栏目链接标题含会议纪要","","正文结构命中","有效 内容概述： 2025年4月21日上午，在区机关815会议室，区长李德森主持召开区政府2025年度第3次常务会议，现纪要如下：一、会议审议了《钟楼区城乡环境大整治实施方案》会议指出，城乡环境大整治是人民群众的热切期盼，也是现实的迫切需要。会议强调，要加强组织领导，全面压实责任，推动形成一级带一级、层层抓落实的良好工作格局，持续增强城乡环境大整治工作的保障力、执行力。要坚持问题导向，疏解整治工作中的难点、痛点，不断提升城乡环境的 钟楼区政府2025年度第3次常务会议纪要 〔2025〕第3期 2025年4月21日上午，在区机关815会议室，区长李德森主","二〇二六年七月二十五日公开资料采集整理"
"179","市政府第74次常务会议纪要","2025-04-18","昆山市人民政府网站","https://www.ks.gov.cn/kss/zfcwhy/202504/37e957cea00d4102803c706be6e54992.shtml","https://www.ks.gov.cn/kss/zfcwhy/xxgk_list.shtml","栏目链接标题含会议纪要","","正文结构命中","务会议，就抓好近期安全生产和消防安全工作进行安排部署， 听取关于开展城乡居民基本养老保险集体补助试点方案的情况汇 报。 会议议定以下意见： 一、关于抓好近期安全生产和消防安全工作的安排部署 （一）会议就抓好近期安全生产和消防安全工作进行了安排部署。会议指出，安全生产须臾不可放松。要严格落实安全生产责任制，深入开展消防安全整治，全面排查隐患，筑牢群众生命财产安全防线。 （二）要提高认识、压实责任。深刻汲取近期事故教训，时刻绷紧安全生产之弦。市安委办牵头会同各专委会采取切实措施，把 “ 六化 ” 建设作为重要方法论，压实 “ 三个责任 ” 、创新监管方式、提","二〇二六年七月二十五日公开资料采集整理"
"180","区政府第42次常务会议纪要","2025-04-18","常州市天宁区人民政府网站","http://www.cztn.gov.cn/html/cztn/2025/CFHMLBAH_0418/32422.html","https://www.changzhou.gov.cn/gova/wjk.php?click=m2_2&dept_id=0&keytype=title&keyword=%E4%BC%9A%E8%AE%AE%E7%BA%AA%E8%A6%81&page=1&sel_year=0&tc_id=0&tc_name=&website=tianning","栏目链接标题含会议纪要","","正文结构命中","概述： 2025年2月26日下午，区委书记、区长张凯奇在天宁科技促进中心2306会议室，主持召开区政府第42次常务会议。纪要如下： 区政府第42次常务会议纪要 2025年2月26日下午，区委书记、区长张凯奇在天宁科技促进中心2306会议室，主持召开区政府第42次常务会议。纪要如下： 一、会议审议了《2025年度天宁区政务信息化项目建设计划》 会议认为，制定年度项目建设计划，有利于进一步规范政务信息化项目管理，推动跨部门跨层级数据共享和业务协同，提升政务服务水平，加快建设数字政府。 会议要求：（1）统筹实施。由数据局负责牵头把关，严格落实《管理办法》，按照","二〇二六年七月二十五日公开资料采集整理"
"181","市政府第73次常务会议纪要","2025-04-14","昆山市人民政府网站","https://www.ks.gov.cn/kss/zfcwhy/202504/dcba542be254490cbe6f13db86d16fdc.shtml","https://www.ks.gov.cn/kss/zfcwhy/xxgk_list.shtml","栏目链接标题含会议纪要","","正文结构命中","展行动计划（ 2025—2027 年）》《关于昆山试点加强随迁子女教育保障的实施方案》，学习《江苏省职业病防治条例》。 会议议定以下意见： 一、审议《昆山市实施知识产权 “ 九大工程 ” 全面支撑新质生产力发展行动计划（ 2025—2027 年）》 （一）原则同意《昆山市实施知识产权 “ 九大工程 ” 全面支撑新质生产力发展行动计划（ 2025—2027 年）》。由市市场监管局根据会议讨论意见作进一步修改完善后，按程序发文实施。 （二）要聚焦优势促提升。依托产业优势和创新资源优势，全面提升知识产权创造力、保护力、运用力，着力打造具有示范价值的昆山样板。","二〇二六年七月二十五日公开资料采集整理"
"182","区政府第41次常务会议纪要","2025-04-03","常州市天宁区人民政府网站","http://www.cztn.gov.cn/html/cztn/2025/CFHMLBAH_0403/32421.html","https://www.changzhou.gov.cn/gova/wjk.php?click=m2_2&dept_id=0&keytype=title&keyword=%E4%BC%9A%E8%AE%AE%E7%BA%AA%E8%A6%81&page=1&sel_year=0&tc_id=0&tc_name=&website=tianning","栏目链接标题含会议纪要","","正文结构命中","容概述： 2025年2月13日上午，区委书记、区长张凯奇在天宁科技促进中心2306会议室主持召开区政府第41次常务会议。纪要如下： 区政府第41次常务会议纪要 2025年2月13日上午，区委书记、区长张凯奇在天宁科技促进中心2306会议室主持召开区政府第41次常务会议。纪要如下： 一、会议审议了《关于实施东青片区定点商品住宅房屋置换国有平台公司所持商品住宅现房的方案》 会议认为，实施东青片区定点商品住宅房屋置换国有平台公司所持商品住宅现房的工作，是积极响应国家房地产政策调整、满足人民群众多元化住房需求的有益探索，也是去化商品房库存，提高群众安置效率的重要","二〇二六年七月二十五日公开资料采集整理"
"183","钟楼区政府2025年度第2次常务会议纪要","2025-03-27","常州市钟楼区人民政府网站","http://www.zhonglou.gov.cn/html/czzl/2025/FPKLLMMN_0422/23192.html","https://www.changzhou.gov.cn/gova/wjk.php?click=m2_2&dept_id=0&keytype=title&keyword=%E4%BC%9A%E8%AE%AE%E7%BA%AA%E8%A6%81&page=1&sel_year=0&tc_id=0&tc_name=&website=zhonglou","栏目链接标题含会议纪要","","正文结构命中","有效 内容概述： 2025年3月24日下午，在区机关815会议室，区长李德森主持召开区政府2025年度第2次常务会议，现纪要如下：一、会议审议了《2025年度全面推进美丽钟楼建设工作方案》会议强调，各级各部门要提高思想认识，统筹推进生态修复、老城区焕新、农村人居环境改善等工作，以高水平的生态环境保护保障经济社会的高质量发展。会议要求，要压紧压实属地管理、行业监管、企业主体责任，进一步强化工作举措，推动实现精准管控、精细治理。会议原则同 钟楼区政府2025年度第2次常务会议纪要 〔2025〕第2期 2025年3月24日下午，在区机关815会议室，区长李德","二〇二六年七月二十五日公开资料采集整理"
"184","市政府第72次常务会议纪要","2025-03-21","昆山市人民政府网站","https://www.ks.gov.cn/kss/zfcwhy/202503/9358da8fb0fa4b3ab4f377eeb07142a7.shtml","https://www.ks.gov.cn/kss/zfcwhy/xxgk_list.shtml","栏目链接标题含会议纪要","","正文结构命中","攻关计划三年行动方案（ 2025 — 2027 年）》《昆山市城镇污水处理规划修编（ 2023 — 2035 年）》。 会议议定以下意见： 一、传达学习第十九次全省民政会议精神 （一）会议传达学习了全省民政会议精神。会议指出，民政工作一头连着民生，一头连着政府。此次会议系统描绘了全省民政事业发展蓝图，进一步明确了今后一个时期全省民政工作创新发展的目标方向、思路举措、重点任务， 体现了新时代 民政 工作的新理念新 要求。 （二）要厚植为民情怀。深入学习贯彻 习近平总书记关于民政工作的重要论述 ，全面落实“两个着力”“五个聚力聚焦”要求，奋力推进“幸福民政”","二〇二六年七月二十五日公开资料采集整理"
"185","区政府第37次常务会议纪要","2025-03-20","常州市金坛区人民政府网站","http://www.jintan.gov.cn/html/czjt/2025/PAIHAQOE_0325/29743.html","https://www.changzhou.gov.cn/gova/wjk.php?click=m2_2&dept_id=0&keytype=title&keyword=%E4%BC%9A%E8%AE%AE%E7%BA%AA%E8%A6%81&page=1&sel_year=0&tc_id=0&tc_name=&website=jintan","栏目链接标题含会议纪要","","正文结构命中","5 废止日期 有效 内容概述 2025年3月8日上午，区长胥亚伟在市民中心B座一楼望华厅主持召开区政府第37次常务会议，现纪要如下：一、会议传达学习了2025年中央一号文件和省委一号文件精神会议认为，党中央国务院和省委省政府高度重视“三农”工作，党的十八大以来连续13年出台指导“三农”工作的一号文件，向全社会再次发出重农强农的强烈信号，为新一年的“三农”工作指明了方向、描绘了蓝图。会议要求，各级各相关单位要围绕深入学习贯彻中央和省委一号文件精 区政府第37次常务会议纪要 第2号 2025年3月8日上午，区长胥亚伟在市民中心B座一楼望华厅主持召开区政府第3","二〇二六年七月二十五日公开资料采集整理"
"186","市政府第71次常务会议纪要","2025-03-12","昆山市人民政府网站","https://www.ks.gov.cn/kss/zfcwhy/202503/acecbac2473741bba92c8a5e9009bfb2.shtml","https://www.ks.gov.cn/kss/zfcwhy/xxgk_list.shtml","栏目链接标题含会议纪要","","正文结构命中","持召开市政府第 71 次常务会议，传达学习贯彻习近平总书记在民营企业座谈会上的重要讲话精神，学习《公平竞争审查条例》。 会议议定以下意见： 一、传达学习 贯彻 习近平总书记在民营企业座谈会上的重要讲话精神 （一）会议传达学习了习近平总书记在民营企业座谈会上的重要讲话精神。会议指出，习近平总书记的重要讲话，为推进民营经济高质量发展提供了基本遵循、指明了前进方向。要深刻领会党和国家对民营经济发展的基本方针政策，认真落实省、苏州最新部署要求，把 “ 两个毫不动摇 ”“ 三个没有变 ” 不折不扣贯穿到各项工作中，做到思想上真重视、服务上真提升、政策上真落实，以更","二〇二六年七月二十五日公开资料采集整理"
"187","区政府第40次常务会议纪要","2025-02-24","常州市天宁区人民政府网站","http://www.cztn.gov.cn/html/cztn/2025/CFHMLBAH_0224/32420.html","https://www.changzhou.gov.cn/gova/wjk.php?click=m2_2&dept_id=0&keytype=title&keyword=%E4%BC%9A%E8%AE%AE%E7%BA%AA%E8%A6%81&page=1&sel_year=0&tc_id=0&tc_name=&website=tianning","栏目链接标题含会议纪要","","正文结构命中","有效 内容概述： 2025年1月22日下午，区长张凯奇在天宁科技促进中心2306会议室，主持召开区政府第40次常务会议。纪要如下： 区政府第40次常务会议纪要 2025年1月22日下午，区长张凯奇在天宁科技促进中心2306会议室，主持召开区政府第40次常务会议。纪要如下： 一、会议审议了《天宁区2024年度法治政府建设情况报告》 会议认为，2024年以来，区政府及其组成部门坚持以习近平新时代中国特色社会主义思想为指导，认真践行习近平法治思想，扎实推进法治政府建设，各项工作取得明显成效。但面对法治政府建设新形势、新任务，要进一步树牢法治理念和法治思维，补短","二〇二六年七月二十五日公开资料采集整理"
"188","市政府第70次常务会议纪要","2025-02-18","昆山市人民政府网站","https://www.ks.gov.cn/kss/zfcwhy/202502/168b5431bde24607ad4542bc4dda9134.shtml","https://www.ks.gov.cn/kss/zfcwhy/xxgk_list.shtml","栏目链接标题含会议纪要","","正文结构命中","况汇报、关于《政府工作报告》 2025 年主要目标任务分工表的汇报，审议《昆山市新市民子女公办学校积分入学管理办法》。 会议议定以下意见： 一、听取关于昆山高新区安全生产工作的情况汇报 （一）原则同意高新区关于安全生产工作的情况汇报。由高新区根据会议讨论意见，推动各项工作举措落地见效。 （二）要压实工作责任。坚持问题导向，以 “ 时时放心不下 ” 的责任感，纵深推进 “ 六化 ” 建设，压紧压实 “ 三个责任 ” ，聚焦建筑施工、企业生产、交通物流等重点领域，全力防风险、除隐患、补短板、强弱项， 下大力气压降亡人事故起数和死亡人数， 持续提升本质安全水平","二〇二六年七月二十五日公开资料采集整理"
"189","区政府第39次常务会议纪要","2025-02-10","常州市天宁区人民政府网站","http://www.cztn.gov.cn/html/cztn/2025/CFHMLBAH_0210/32419.html","https://www.changzhou.gov.cn/gova/wjk.php?click=m2_2&dept_id=0&keytype=title&keyword=%E4%BC%9A%E8%AE%AE%E7%BA%AA%E8%A6%81&page=1&sel_year=0&tc_id=0&tc_name=&website=tianning","栏目链接标题含会议纪要","","正文结构命中","效 内容概述： 2024年12月25日下午，区长张凯奇在天宁科技促进中心2306会议室，主持召开区政府第39次常务会议。纪要如下： 区政府第39次常务会议纪要 2024年12月25日下午，区长张凯奇在天宁科技促进中心2306会议室，主持召开区政府第39次常务会议。纪要如下： 一、会议审议了《2024年政府工作报告》和《2025年度区民生实事候选项目》 会议认为，《天宁区人民政府工作报告》是全区上下集思广益、凝聚众智的结晶。总结成绩部分，有力回应了2024年中央和省、市委部署的“万亿之城再出发”“锻造新质生产力”“进一步深化改革”等重点任务，对全年政府工作","二〇二六年七月二十五日公开资料采集整理"
"190","钟楼区政府2025年度第1次常务会议纪要","2025-02-05","常州市钟楼区人民政府网站","http://www.zhonglou.gov.cn/html/czzl/2025/FPKLLMMN_0422/23191.html","https://www.changzhou.gov.cn/gova/wjk.php?click=m2_2&dept_id=0&keytype=title&keyword=%E4%BC%9A%E8%AE%AE%E7%BA%AA%E8%A6%81&page=1&sel_year=0&tc_id=0&tc_name=&website=zhonglou","栏目链接标题含会议纪要","","正文结构命中","有效 内容概述： 2025年1月23日下午，在区机关815会议室，区长李德森主持召开区政府2025年度第1次常务会议，现纪要如下：一、会议审议了《2025年经济发展目标、重大产业项目、政府性投资项目、规划编制清单》《2025-2027年钟楼区土地利用清单》会议指出，“五张清单”是将工作抓深、抓实、抓出成效，确保各项工作扎实有序推进的有力抓手。会议强调，要加强协调配合，全力推进重点工作顺利开展，确保上下联动、左右协调，形成工作合力。要围绕“工作 钟楼区政府2025年度第1次常务会议纪要 〔2025〕第1期 2025年1月23日下午，在区机关815会议室，","二〇二六年七月二十五日公开资料采集整理"
"191","钟楼区政府2024年度第10次常务会议纪要","2025-01-06","常州市钟楼区人民政府网站","http://www.zhonglou.gov.cn/html/czzl/2025/FPKLLMMN_0422/23189.html","https://www.changzhou.gov.cn/gova/wjk.php?click=m2_2&dept_id=0&keytype=title&keyword=%E4%BC%9A%E8%AE%AE%E7%BA%AA%E8%A6%81&page=1&sel_year=0&tc_id=0&tc_name=&website=zhonglou","栏目链接标题含会议纪要","","正文结构命中","内容概述： 2024年12月27日下午，在区机关815会议室，区领导李德森主持召开区政府2024年度第10次常务会议，现纪要如下：一、会议审议了《常州市钟楼区地名规划》会议强调，要强化责任担当，切实履行督促、指导职责，加强联动协作，严格按照规定程序，务实推进地名规划实施。要注重地名规划的科学性、前瞻性、计划性和协调性，以地名彰显历史底蕴、地理特征、经济建设、文化氛围和社会发展。会议原则同意区民政局提出的《常州市钟楼区地名规划》 钟楼区政府2024年度第10次常务会议纪要 〔2024〕第10期 2024年12月27日下午，在区机关815会议室，区领导李德","二〇二六年七月二十五日公开资料采集整理"
"192","市政府第68次常务会议纪要","2024-12-30","昆山市人民政府网站","https://www.ks.gov.cn/kss/zfcwhy/202412/3054016c02ed430086ab91e333b0d3ee.shtml","https://www.ks.gov.cn/kss/zfcwhy/xxgk_list.shtml","栏目链接标题含会议纪要","","正文结构命中","昆山市 “ 人工智能 +” 创新发展行动方案》《关于昆山市 2024 年预算执行情况与 2025 年预算草案的报告》。 会议议定以下意见： 一、传达学习贯彻中央经济工作会议有关精神 （一）习近平总书记在中央经济工作会议上的重要讲话，为做好明年和今后一个时期经济工作提供了根本遵循和行动指南。李强总理的讲话，提出了贯彻落实的具体要求。要把学习贯彻中央经济工作会议精神，与学习贯彻总书记对江苏、苏州工作重要讲话重要指示精神，与学习贯彻上级全会、经济工作会议精神结合起来，深刻领会党中央对当前形势的重大判断，准确把握明年经济工作的总体要求、政策取向和重点任务，牢记嘱","二〇二六年七月二十五日公开资料采集整理"
"193","区政府2024年第11次常务会议纪要","2024-12-23","常州经济开发区管理委员会网站","http://www.cznd.gov.cn/html/cznd/2025/KOPOKANH_0113/21997.html","https://www.changzhou.gov.cn/gova/wjk.php?click=m2_2&dept_id=0&keytype=title&keyword=%E4%BC%9A%E8%AE%AE%E7%BA%AA%E8%A6%81&page=1&sel_year=0&tc_id=0&tc_name=&website=xinbei","栏目链接标题含会议纪要","","正文结构命中","24年12月20日下午，在区商务中心A座二楼求是厅，管委会主任、区长石旭涌主持召开管委会（区政府）常务会议。现将会议内容纪要如下： （一） 会议传达学习了中央经济工作会议精神。 会议指出，政府系统要把学习贯彻习近平总书记重要讲话重要指示精神和中央经济工作会议精神作为一项重要政治任务，坚持稳中求进工作总基调，扎实推进明年经济工作重点任务落实。要聚力放大政策效应，系统研究财政、金融、产业、科技、房地产等领域的一揽子增量政策，最大程度释放政策红利。要聚力推进经济高质量发展，全力推进传统产业焕新、新兴产业壮大、未来产业布局，加快绿色低碳转型，全力以赴稳外贸稳外资","二〇二六年七月二十五日公开资料采集整理"
"194","钟楼区政府2024年度第9次常务会议纪要","2024-12-20","常州市钟楼区人民政府网站","http://www.zhonglou.gov.cn/html/czzl/2025/FPKLLMMN_0422/23188.html","https://www.changzhou.gov.cn/gova/wjk.php?click=m2_2&dept_id=0&keytype=title&keyword=%E4%BC%9A%E8%AE%AE%E7%BA%AA%E8%A6%81&page=1&sel_year=0&tc_id=0&tc_name=&website=zhonglou","栏目链接标题含会议纪要","","正文结构命中","有效 内容概述： 2024年12月14日上午，在区机关815会议室，李超鲲区长主持召开区政府2024年度第9次常务会议，现纪要如下：一、会议审议了《关于落实常州市钟楼区2024年度耕地恢复补充方案的通知》会议指出，要压实耕地保护责任，强化耕地总量管控，稳步提升耕地质量，切实促进土地节约集约利用，牢牢守住耕地保护红线。会议强调，要健全监管机制，细化监管措施，坚决遏制“非农化”、严格管控“非粮化”，确保新增耕地数量真实、质量可靠，努力实现 钟楼区政府2024年度第9次常务会议纪要 〔2024〕第9期 2024年12月14日上午，在区机关815会议室，李超鲲区","二〇二六年七月二十五日公开资料采集整理"
"195","区政府第38次常务会议纪要","2024-12-20","常州市天宁区人民政府网站","http://www.cztn.gov.cn/html/cztn/2024/CFHMLBAH_1220/32418.html","https://www.changzhou.gov.cn/gova/wjk.php?click=m2_2&dept_id=0&keytype=title&keyword=%E4%BC%9A%E8%AE%AE%E7%BA%AA%E8%A6%81&page=1&sel_year=0&tc_id=0&tc_name=&website=tianning","栏目链接标题含会议纪要","","正文结构命中","效 内容概述： 2024年11月18日下午，区长张凯奇在天宁科技促进中心2306会议室，主持召开区政府第38次常务会议。纪要如下： 区政府第38次常务会议纪要 2024年11月18日下午，区长张凯奇在天宁科技促进中心2306会议室，主持召开区政府第38次常务会议。纪要如下： 一、会议审议了《关于天宁区区级2024年财政预算调整的汇报》 会议原则同意区财政局提出的2024年财政预算调整建议。 二、会议审议了《常州市天宁区政务信息化项目管理办法》 会议认为，制定该管理体制，有利于强化政务信息化项目管理，提高财政资金使用效益，加快推进全区政务数据资源的共享共用","二〇二六年七月二十五日公开资料采集整理"
"196","市政府第67次常务会议纪要","2024-12-18","昆山市人民政府网站","https://www.ks.gov.cn/kss/zfcwhy/202412/31fc6767014f4eac980405b1de4dc180.shtml","https://www.ks.gov.cn/kss/zfcwhy/xxgk_list.shtml","栏目链接标题含会议纪要","","正文结构命中","深入推进长三角一体化高质量发展实施方案》《昆 山市贯彻落实 〈 推进上海与苏州深化一体化发展重点工作安排 〉 方案》。 会议议定以下意见： 一、传达落实深化重点领域安全生产 “ 六化 ” 建设相关文件精神，听取关于养老场所安全生产 “ 六化 ” 建设工作的情况汇报 （一）会议传达落实了深化重点领域安全生产 “ 六化 ” 建设相关文件精神，听取了养老场所 “ 六化 ” 建设相关情况。会议指出， “ 六化 ” 是抓好安全生产的重要方法论，特别是岁末年初，风险交织叠加、形势更为严峻，必须更好统筹发展和安全。 （二）要一如既往抓好 “ 六化 ” 建设。认真学习贯","二〇二六年七月二十五日公开资料采集整理"
"197","市政府第66次常务会议纪要","2024-12-05","昆山市人民政府网站","https://www.ks.gov.cn/kss/zfcwhy/202412/e05da9ed52754644ae63636109869302.shtml","https://www.ks.gov.cn/kss/zfcwhy/xxgk_list.shtml","栏目链接标题含会议纪要","","正文结构命中","近期重要讲话重要指示精神，听取全市安全生产 “ 六化 ” 建设情况汇报，审议《昆山市服务业招大引强培优育强行动方案》。 会议议定以下意见： 一、学习贯彻习近平总书记近期重要讲话重要指示精神 （一）会议学习贯彻了习近平总书记在省部级主要领导干部学习贯彻党的二十届三中全会精神专题研讨班开班式上的重要讲话精神。会议指出，习近平总书记的重要讲话，为我们坚定改革信心、把准改革方向、推动改革落地提供了根本遵循。 （二）要坚定扛起改革担当。紧紧围绕进一步全面深化改革的总目标，自觉把昆山改革工作放在中国式现代化进程中审视推动，以高度的改革自觉和抓落实的坚定行动，推动新时","二〇二六年七月二十五日公开资料采集整理"
"198","区政府2024年第10次常务会议纪要","2024-11-28","常州经济开发区管理委员会网站","http://www.cznd.gov.cn/html/cznd/2025/KOPOKANH_0113/21996.html","https://www.changzhou.gov.cn/gova/wjk.php?click=m2_2&dept_id=0&keytype=title&keyword=%E4%BC%9A%E8%AE%AE%E7%BA%AA%E8%A6%81&page=1&sel_year=0&tc_id=0&tc_name=&website=xinbei","栏目链接标题含会议纪要","","正文结构命中","24年11月27日上午，在区商务中心A座二楼求是厅，管委会主任、区长石旭涌主持召开管委会（区政府）常务会议。现将会议内容纪要如下： （一） 会议传达学习了习近平总书记重要文章《促进高质量充分就业》。 会议指出，促进高质量充分就业，是新时代新征程就业工作的新定位、新使命。政府系统要提高政治站位，认真学习领会，始终把就业当作民生头等大事来抓，着力解决结构性就业矛盾，扎实推进人岗相适、人尽其才，实现精准就业。要高度关注重点群体，把高校毕业生等青年群体就业作为重中之重，充分发挥市场在人力资源配置中的决定性作用，全面提升就业质量、扩大就业容量、优化就业结构。 （二","二〇二六年七月二十五日公开资料采集整理"
"199","市政府第65次常务会议纪要","2024-11-12","昆山市人民政府网站","https://www.ks.gov.cn/kss/zfcwhy/202411/2e4ac2b43a024120b4a76489738674dc.shtml","https://www.ks.gov.cn/kss/zfcwhy/xxgk_list.shtml","栏目链接标题含会议纪要","","正文结构命中","享到： 2024 年 10 月 30 日下午，市长陈丽艳主持召开市政府第 65 次常务会议，学习《社会保险经办条例》。 会议议定以下意见： （一）会议学习了《社会保险经办条例》（以下简称《条例》）。会议指出，民生无小事，社保连万家。各相关部门要强化使命担当，逐条逐项学习贯彻《条例》，将规范经办、优化服务、保障安全、维护权益、促进公平贯穿全过程、各领域，持续健全经办体系，切实提升服务水平。 （二）要优化经办服务。各相关部门要通力合作、整合资源、共享信息，通过研发 “ 小巧灵 ” 数字化应用场景、优化 “ 就近办 ” 网点布局等方式，让 “ 数据多跑路 ”","二〇二六年七月二十五日公开资料采集整理"
"200","钟楼区政府2024年度第8次常务会议纪要","2024-11-07","常州市钟楼区人民政府网站","http://www.zhonglou.gov.cn/html/czzl/2024/FPKLLMMN_1206/22597.html","https://www.changzhou.gov.cn/gova/wjk.php?click=m2_2&dept_id=0&keytype=title&keyword=%E4%BC%9A%E8%AE%AE%E7%BA%AA%E8%A6%81&page=1&sel_year=0&tc_id=0&tc_name=&website=zhonglou","栏目链接标题含会议纪要","","正文结构命中","有效 内容概述： 2024年10月31日下午，在区机关815会议室，李超鲲区长主持召开区政府2024年度第8次常务会议，现纪要如下：一、会议集体学习了《公平竞争审查条例》会议强调，要把学习贯彻《公平竞争审查条例》作为法治政府建设的一项重要工作，加强对公平竞争审查制度的理解和把握，健全工作机制，压实审查责任，持续优化护商招商举措，切实营造市场化、法治化的营商环境。二、会议集体学习了新修改《中华人民共和国统计法》会议要求，要牢固树立正 钟楼区政府2024年度第8次常务会议纪要 〔2024〕第8期 2024年10月31日下午，在区机关815会议室，李超鲲区长主","二〇二六年七月二十五日公开资料采集整理"
"201","区政府2024年第9次常务会议纪要","2024-11-04","常州经济开发区管理委员会网站","http://www.cznd.gov.cn/html/cznd/2024/KOPOKANH_1105/21995.html","https://www.changzhou.gov.cn/gova/wjk.php?click=m2_2&dept_id=0&keytype=title&keyword=%E4%BC%9A%E8%AE%AE%E7%BA%AA%E8%A6%81&page=1&sel_year=0&tc_id=0&tc_name=&website=xinbei","栏目链接标题含会议纪要","","正文结构命中","24年10月28日上午，在区商务中心A座二楼求是厅，管委会主任、区长石旭涌主持召开管委会（区政府）常务会议。现将会议内容纪要如下： （一） 会议传达学习了习近平总书记对国家级经济技术开发区工作作出的重要指示精神。 会议指出，政府系统要深入学习贯彻 习近平 总书记重要指示精神，完整准确全面贯彻新发展理念，全方位推动高质量发展。特别是作为第一批国家级高新区，要拉升标杆、找准定位，因地制宜发展新质生产力，持续深化改革开放成果，加快推动高水平科技自立自强，不断提升高铁新城品质内涵，兜底兜牢民生保障，切实展现出国家级高新区的应有作为和责任担当。 （二） 会议专题学","二〇二六年七月二十五日公开资料采集整理"
"202","区政府第37次常务会议纪要","2024-10-28","常州市天宁区人民政府网站","http://www.cztn.gov.cn/html/cztn/2024/CFHMLBAH_1028/31902.html","https://www.changzhou.gov.cn/gova/wjk.php?click=m2_2&dept_id=0&keytype=title&keyword=%E4%BC%9A%E8%AE%AE%E7%BA%AA%E8%A6%81&page=1&sel_year=0&tc_id=0&tc_name=&website=tianning","栏目链接标题含会议纪要","","正文结构命中","有效 内容概述： 2024年9月27日上午，区长张凯奇在天宁科技促进中心2306会议室，主持召开区政府第37次常务会议。纪要如下： 区政府第37次常务会议纪要 202 4 年 9 月 27 日 上 午，区长张凯奇在天宁科技促进中心 2306 会议室，主持召开区政府第 37 次常务会议。纪要如下： 一、 会议审议了 《常州市天宁区推进低效用地再开发试点工作实施方案》 会议认为 ， 推进低效用地再开发是提升土地资源利用效率、探索存量时代用地新模式的重要举措，也是进一步深化改革创新、推动城乡高质量发展的内在要求。 会议要求： （ 1 ）坚持规划统领，系统推进。","二〇二六年七月二十五日公开资料采集整理"
"203","区政府2024年第8次常务会议纪要","2024-09-25","常州经济开发区管理委员会网站","http://www.cznd.gov.cn/html/cznd/2024/KOPOKANH_1029/21876.html","https://www.changzhou.gov.cn/gova/wjk.php?click=m2_2&dept_id=0&keytype=title&keyword=%E4%BC%9A%E8%AE%AE%E7%BA%AA%E8%A6%81&page=1&sel_year=0&tc_id=0&tc_name=&website=xinbei","栏目链接标题含会议纪要","","正文结构命中","024年9月21日上午，在区商务中心A座二楼求是厅，管委会主任、区长石旭涌主持召开管委会（区政府）常务会议。现将会议内容纪要如下： （一） 会议传达学习了习近平总书记在庆祝全国人民代表大会成立70周年大会上的重要讲话精神。 会议指出，政府系统要认真学习贯彻习近平总书记重要讲话精神，深刻认识人大制度的显著政治优势，进一步坚定道路自信、理论自信、制度自信、文化自信。要充分认清人大制度在国家治理体系中的重要作用，全力支持人大工作，自觉接受人大监督。要不断丰富人大代表联系人民群众的内容和形式，更高水平办好代表建议，坚持好、完善好、运行好人民代表大会制度。 （二）","二〇二六年七月二十五日公开资料采集整理"
"204","市政府第63次常务会议纪要","2024-09-18","昆山市人民政府网站","https://www.ks.gov.cn/kss/zfcwhy/202409/e34650baa94b4abea14f33b049a62efa.shtml","https://www.ks.gov.cn/kss/zfcwhy/xxgk_list.shtml","栏目链接标题含会议纪要","","正文结构命中","于商场市场和餐饮行业安全生产 “ 六化 ” 建设工作的情况汇报，审议《关于规范和改进行政检查行为的实施办法（试行）》。 会议议定以下意见： 一、听取关于商场市场和餐饮行业安全生产 “ 六化 ” 建设工作的情况汇报 （一）原则同意市商务局关于商场市场和餐饮行业安全生产 “ 六化 ” 建设工作的情况汇报。由市商务局根据会议讨论意见，会同各区镇、各相关部门推动各项工作举措落地见效。 （二）要强化风险意识，守牢安全底线。商场市场和餐饮行业安全与群众生活息息相关，容不得丝毫懈怠。各区镇、各部门要深刻汲取各类事故教训，举一反三、查漏补缺，从严抓好问题隐患整改，坚决做","二〇二六年七月二十五日公开资料采集整理"
"205","区政府第36次常务会议纪要","2024-09-10","常州市天宁区人民政府网站","http://www.cztn.gov.cn/html/cztn/2024/CFHMLBAH_0910/31901.html","https://www.changzhou.gov.cn/gova/wjk.php?click=m2_2&dept_id=0&keytype=title&keyword=%E4%BC%9A%E8%AE%AE%E7%BA%AA%E8%A6%81&page=1&sel_year=0&tc_id=0&tc_name=&website=tianning","栏目链接标题含会议纪要","","正文结构命中","有效 内容概述： 2024年8月8日下午，区长张凯奇在天宁科技促进中心2306会议室，主持召开区政府第36次常务会议。纪要如下： 区政府第36次常务会议纪要 202 4 年 8 月 8 日 下 午，区长张凯奇在天宁科技促进中心 2306 会议室，主持召开区政府第 36 次常务会议。纪要如下： 一、 会议审议了《 2024 年度政府投资建设项目计划调整报告》 会议听取了区发改局关于将华云路（青洋北路 —华阳南路）建设工程、舜新南路（中心河路—舜河西路）工程等 18 个项目增补列入 2024 年度政府投资建设项目计划的报告。 会议强调，要严格按照政府投资项","二〇二六年七月二十五日公开资料采集整理"
"206","区政府2024年第7次常务会议纪要","2024-08-20","常州经济开发区管理委员会网站","http://www.cznd.gov.cn/html/cznd/2024/KOPOKANH_1029/21875.html","https://www.changzhou.gov.cn/gova/wjk.php?click=m2_2&dept_id=0&keytype=title&keyword=%E4%BC%9A%E8%AE%AE%E7%BA%AA%E8%A6%81&page=1&sel_year=0&tc_id=0&tc_name=&website=xinbei","栏目链接标题含会议纪要","","正文结构命中","024年8月17日上午，在区商务中心A座二楼求是厅，管委会主任、区长石旭涌主持召开管委会（区政府）常务会议。现将会议内容纪要如下： （一） 会议传达学习了习近平总书记在中共中央召开的党外人士座谈会上的重要讲话精神。 会议指出，要切实把思想和行动统一到以习近平同志为核心的党中央关于经济形势的分析判断和决策部署上来，既要增强风险意识、底线思维，也要保持战略定力、坚定信心决心，全力以赴完成全年经济社会发展各项目标任务。 会议强调，要巩固和发展最广泛的爱国统一战线，团结引导各民主党派、工商联和无党派人士，凝聚改革共识、汇聚智慧力量，围绕经济、民生等领域建言献策、","二〇二六年七月二十五日公开资料采集整理"
"207","钟楼区政府2024年度第7次常务会议纪要","2024-08-15","常州市钟楼区人民政府网站","http://www.zhonglou.gov.cn/html/czzl/2024/FPKLLMMN_1206/22596.html","https://www.changzhou.gov.cn/gova/wjk.php?click=m2_2&dept_id=0&keytype=title&keyword=%E4%BC%9A%E8%AE%AE%E7%BA%AA%E8%A6%81&page=1&sel_year=0&tc_id=0&tc_name=&website=zhonglou","栏目链接标题含会议纪要","","正文结构命中","有效 内容概述： 2024年8月15日下午，在区机关815会议室，李超鲲区长主持召开区政府2024年度第7次常务会议，现纪要如下：一、会议审议了《电动自行车及电动摩托车蓄电池全生命周期监管实施方案》会议指出，加强蓄电池全生命周期监管是有效减少电动自行车火灾事故，保障人民群众生命财产安全的重要抓手。会议强调，要深入学习贯彻习近平总书记关于安全生产的重要论述，压紧压实责任链条，扎实推进电动自行车“一件事”全链条监管行动。会议要求，板块 钟楼区政府2024年度第7次常务会议纪要 〔2024〕第7期 2024年8月15日下午，在区机关815会议室，李超鲲区长主","二〇二六年七月二十五日公开资料采集整理"
"208","区政府第35次常务会议纪要","2024-08-15","常州市天宁区人民政府网站","http://www.cztn.gov.cn/html/cztn/2024/CFHMLBAH_0815/31740.html","https://www.changzhou.gov.cn/gova/wjk.php?click=m2_2&dept_id=0&keytype=title&keyword=%E4%BC%9A%E8%AE%AE%E7%BA%AA%E8%A6%81&page=1&sel_year=0&tc_id=0&tc_name=&website=tianning","栏目链接标题含会议纪要","","正文结构命中","有效 内容概述： 2024年7月18日下午，区长张凯奇在天宁科技促进中心2306会议室，主持召开区政府第35次常务会议。纪要如下： 区政府第35次常务会议纪要 202 4 年 7 月 1 8 日 下 午，区长张凯奇在天宁科技促进中心 2306 会议室，主持召开区政府第 35 次常务会议。纪要如下： 一 、会议听取了《全区 2024 年上半年安全生产工作及有关专项情况汇报》 会议认为，今年以来，全区上下牢固树立安全发展理念，深入学习贯彻党的二十大精神和习近平总书记关于安全生产重要论述，全面落实治本攻坚三年行动要求，扎实开展涉爆粉尘、 “厂中厂”、打通生命通","二〇二六年七月二十五日公开资料采集整理"
"209","钟楼区政府2024年度第6次常务会议纪要","2024-08-06","常州市钟楼区人民政府网站","http://www.zhonglou.gov.cn/html/czzl/2024/FPKLLMMN_1206/22595.html","https://www.changzhou.gov.cn/gova/wjk.php?click=m2_2&dept_id=0&keytype=title&keyword=%E4%BC%9A%E8%AE%AE%E7%BA%AA%E8%A6%81&page=1&sel_year=0&tc_id=0&tc_name=&website=zhonglou","栏目链接标题含会议纪要","","正文结构命中","有效 内容概述： 2024年7月24日下午，在区机关815会议室，李超鲲区长主持召开区政府2024年度第6次常务会议，现纪要如下：一、会议听取了钟楼区科技创新平台阶段性进展情况汇报会议指出，科技创新平台是集聚创新要素、汇聚创新人才的重要载体，也是提升区域原始创新能力、推动产业结构转型的重要支撑。会议强调，要围绕主业、定位准确，紧扣产业发展需求，充分发挥金融平台投资撬动作用，加强与本地龙头企业、知名高等院校、中间机构合作等多种方式， 钟楼区政府2024年度第6次常务会议纪要 〔2024〕第6期 2024年7月24日下午，在区机关815会议室，李超鲲区长主","二〇二六年七月二十五日公开资料采集整理"
"210","市政府第61次常务会议纪要","2024-08-05","昆山市人民政府网站","https://www.ks.gov.cn/kss/zfcwhy/202408/64030cddbb0b4a0d87d63b842b08bfc6.shtml","https://www.ks.gov.cn/kss/zfcwhy/xxgk_list.shtml","栏目链接标题含会议纪要","","正文结构命中","生产 “ 六化 ” 建设工作的情况汇报，学习《中华人民共和国专利法实施细则》，部署防台防汛、防暑降温、安全生产等工作。 会议议定以下意见： 一、传达学习党的二十届三中全会精神 （一）会议传达学习了党的二十届三中全会精神。会议指出，党的二十届三中全会是在以中国式现代化全面推进强国建设、民族复兴伟业的关键时期举行的一次具有里程碑意义的重要会议。 （二）要学深悟透、心领神会，准确把握三中全会重大意义。全市政府系统要把学习宣传贯彻全会精神与学习贯彻习近平总书记关于全面深化改革的重要论述，以及对江苏、苏州工作重要讲话重要指示精神结合起来，一体学习领会、一体贯彻落实","二〇二六年七月二十五日公开资料采集整理"
"211","区政府第32次常务会议纪要","2024-08-05","常州市金坛区人民政府网站","http://www.jintan.gov.cn/html/czjt/2024/PAIHAQOE_0823/28956.html","https://www.changzhou.gov.cn/gova/wjk.php?click=m2_2&dept_id=0&keytype=title&keyword=%E4%BC%9A%E8%AE%AE%E7%BA%AA%E8%A6%81&page=1&sel_year=0&tc_id=0&tc_name=&website=jintan","栏目链接标题含会议纪要","","正文结构命中","废止日期 有效 内容概述 2024年7月30日下午，区长胥亚伟在市民中心A座8楼东会议室主持召开区政府第32次常务会议，现纪要如下：一、会议研究讨论了《常州市金坛区西旸小学、洮西小学布局调整实施方案》会议要求，各相关单位要凝聚共识、加强引导，区教育局要发挥牵头抓总作用，统一思想、形成合力，广泛征询教职工和学生家长的意见建议，关心学生心理动态，满足合理诉求，为全区教育资源布局调整营造良好社会氛围；要稳妥推进、合理分流，统筹做好西旸小学、 区政府第32次常务会议纪要 第8号 2024年7月30日下午，区长胥亚伟在市民中心A座8楼东会议室主持召开区政府第32次","二〇二六年七月二十五日公开资料采集整理"
"212","区政府2024年第6次常务会议纪要","2024-07-29","常州经济开发区管理委员会网站","http://www.cznd.gov.cn/html/cznd/2024/KOPOKANH_1029/21874.html","https://www.changzhou.gov.cn/gova/wjk.php?click=m2_2&dept_id=0&keytype=title&keyword=%E4%BC%9A%E8%AE%AE%E7%BA%AA%E8%A6%81&page=1&sel_year=0&tc_id=0&tc_name=&website=xinbei","栏目链接标题含会议纪要","","正文结构命中","024年7月26日下午，在区商务中心A座二楼求是厅，管委会主任、区长石旭涌主持召开管委会（区政府）常务会议。现将会议内容纪要如下： （一） 会议传达学习了群众身边不正之风和腐败问题集中整治工作相关要求。 会议指出，开展群众身边不正之风和腐败问题集中整治是认真落实习近平总书记关于人民至上的重要论述，推进全面从严治党向基层延伸的现实需要，是解决群众“急难愁盼”问题的具体抓手。 会议强调，政府系统要提高站位，强化落实，将集中整治与党纪学习教育、整治形式主义为基层减负结合起来，统筹协调联动，合力推进各项任务落实落细，形成一批可量化的数据账、可感受的实事账、管长远","二〇二六年七月二十五日公开资料采集整理"
"213","区政府第34次常务会议纪要","2024-07-19","常州市天宁区人民政府网站","http://www.cztn.gov.cn/html/cztn/2024/CFHMLBAH_0719/31739.html","https://www.changzhou.gov.cn/gova/wjk.php?click=m2_2&dept_id=0&keytype=title&keyword=%E4%BC%9A%E8%AE%AE%E7%BA%AA%E8%A6%81&page=1&sel_year=0&tc_id=0&tc_name=&website=tianning","栏目链接标题含会议纪要","","正文结构命中","有效 内容概述： 2024年6月11日下午，区长张凯奇在天宁科技促进中心2306会议室，主持召开区政府第34次常务会议。纪要如下： 区政府第34次常务会议纪要 202 4 年 6 月 1 1 日 下 午，区长张凯奇在天宁科技促进中心 2306 会议室，主持召开区政府第 34 次常务会议。纪要如下： 一 、会议审议了《常州市天宁区 2023 年财政决算草案》 会议原则同意区财政局提出的《常州市天宁区 2023 年财政决算草案》，作进一步修改完善后，提交区委常委会和区人大常委会审议。 二、会议审议了《常州市天宁区资源补偿激励管理办法（试行）》 会议认为，加快","二〇二六年七月二十五日公开资料采集整理"
"214","市政府第60次常务会议纪要","2024-07-17","昆山市人民政府网站","https://www.ks.gov.cn/kss/zfcwhy/202407/8462f6a822cd459085209491f7afc128.shtml","https://www.ks.gov.cn/kss/zfcwhy/xxgk_list.shtml","栏目链接标题含会议纪要","","正文结构命中","产 “ 六化 ” 建设工作、安全生产专委会自主管理模块建设工作的情况汇报，审议《昆山市人才房票补贴实施细则（试行）》。 会议议定以下意见： 一、听取关于防汛工作的情况汇报 （一）原则同意市水务局关于防汛工作的情况汇报。由市水务局根据会议讨论意见，会同各区镇、各相关部门继续做好后续防汛工作。 （二）要切实强化风险意识。 防汛工作即将 进入 “ 七下八上 ” 的关键期 。要 深入学习贯彻习近平总书记关于防汛救灾工作的重要指示精神，认真按照省、苏州市最新部署要求，精准预警、精准调度， 以防汛工作的确定性有效应对洪涝风险的不确定性。 （三）要有力提升防御能力。全","二〇二六年七月二十五日公开资料采集整理"
"215","区政府2024年第5次常务会议纪要","2024-07-17","常州经济开发区管理委员会网站","http://www.cznd.gov.cn/html/cznd/2024/KOPOKANH_1029/21872.html","https://www.changzhou.gov.cn/gova/wjk.php?click=m2_2&dept_id=0&keytype=title&keyword=%E4%BC%9A%E8%AE%AE%E7%BA%AA%E8%A6%81&page=1&sel_year=0&tc_id=0&tc_name=&website=xinbei","栏目链接标题含会议纪要","","正文结构命中","024年7月13日上午，在区商务中心A座二楼求是厅，管委会主任、区长石旭涌主持召开管委会（区政府）常务会议。现将会议内容纪要如下： （一） 会议传达学习了习近平总书记主持召开中央全面深化改革委员会第五次会议时的重要讲话精神。 会议强调，政府系统要全面学习中央深改委会议要求，深刻认识进一步全面深化改革的重要意义，扎实推进完善现代企业制度、保障粮食安全和建设科技创新开放环境等工作，切实发挥改革在现代化建设中的先导和突破作用。要精准理解把握中央和省、市工作布局、政策口径、具体要求，力争更多资源落户高新区，为推进中国式现代化高新实践增添动力。 （二） 会议听取了","二〇二六年七月二十五日公开资料采集整理"
"216","市政府第59次常务会议纪要","2024-07-03","昆山市人民政府网站","https://www.ks.gov.cn/kss/zfcwhy/202407/1f63cf86163645d99478af42733ef4bf.shtml","https://www.ks.gov.cn/kss/zfcwhy/xxgk_list.shtml","栏目链接标题含会议纪要","","正文结构命中","加强化工和危险化学品安全全链条治理的若干措施》《昆山市推动大规模设备更新和消费品以旧换新实施方案》，强调部署防汛工作。 会议议定以下意见： 一、审议《昆山市全面开展电动自行车安全隐患全链条整治行动实施方案》《关于进一步加强化工和危险化学品安全全链条治理的若干措施》 （一）原则同意《昆山市全面开展电动自行车安全隐患全链条整治行动实施方案》（以下简称《实施方案》）、《关于进一步加强化工和危险化学品安全全链条治理的若干措施》（以下简称《若干措施》）。由市应急管理局根据会议讨论意见，按程序发文实施。 （二）要强化风险意识。制定《实施方案》和《若干措施》，既是深入","二〇二六年七月二十五日公开资料采集整理"
"217","钟楼区政府2024年度第5次常务会议纪要","2024-07-02","常州市钟楼区人民政府网站","http://www.zhonglou.gov.cn/html/czzl/2024/FPKLLMMN_1206/22594.html","https://www.changzhou.gov.cn/gova/wjk.php?click=m2_2&dept_id=0&keytype=title&keyword=%E4%BC%9A%E8%AE%AE%E7%BA%AA%E8%A6%81&page=1&sel_year=0&tc_id=0&tc_name=&website=zhonglou","栏目链接标题含会议纪要","","正文结构命中","6月28日下午，在区机关815会议室，受区长李超鲲委托，区委常委、副区长王旭锋主持召开区政府2024年度第5次常务会议，现纪要如下：一、会议审议了《关于常州市钟楼区2024年上半年国民经济和社会发展计划执行情况、中期调整方案的报告》会议指出，今年以来，全区上下深入学习贯彻习近平总书记对江苏工作重要讲话重要指示精神，认真贯彻落实中央及省、市、区委决策部署，团结拼搏、攻坚克难，有力有效推进各项重点工作，主要目标 钟楼区政府2024年度第5次常务会议纪要 〔2024〕第5期 2024年6月28日下午，在区机关815会议室，受区长李超鲲委托，区委常委、副区长王旭","二〇二六年七月二十五日公开资料采集整理"
"218","市政府第58次常务会议纪要","2024-06-19","昆山市人民政府网站","https://www.ks.gov.cn/kss/zfcwhy/202406/24c01b0308dc473dae46372b09becee9.shtml","https://www.ks.gov.cn/kss/zfcwhy/xxgk_list.shtml","栏目链接标题含会议纪要","","正文结构命中","求，审议《昆山市优化营商环境 2024 年创新实施方案》，听取关于申报昆山市第六批非物质文化遗产代表性项目的情况汇报。 会议议定以下意见： 一、传达学习省委十四届六次全会、苏州市委十三届七次全会精神，传达学习苏州市委书记刘小涛调研昆山时的讲话要求 （一）会议传达学习了省委十四届六次全会、苏州市委十三届七次全会精神，传达学习了苏州市委书记刘小涛调研昆山时的讲话要求。会议指出，要深入学习贯彻习近平总书记关于发展新质生产力的重要论述以及总书记对江苏、苏州工作重要讲话重要指示精神，认真落实省委、苏州市委和昆山市委最新部署要求，全力推动学习贯彻走深走实、见行见效。","二〇二六年七月二十五日公开资料采集整理"
"219","区政府第33次常务会议纪要","2024-06-14","常州市天宁区人民政府网站","http://www.cztn.gov.cn/html/cztn/2024/CFHMLBAH_0614/31644.html","https://www.changzhou.gov.cn/gova/wjk.php?click=m2_2&dept_id=0&keytype=title&keyword=%E4%BC%9A%E8%AE%AE%E7%BA%AA%E8%A6%81&page=1&sel_year=0&tc_id=0&tc_name=&website=tianning","栏目链接标题含会议纪要","","正文结构命中","有效 内容概述： 2024年5月18日下午，区长张凯奇在天宁科技促进中心2306会议室主持召开区政府第33次常务会议。纪要如下： 区政府第33次常务会议纪要 2024 年 5 月 18 日下午，区长张凯奇在天宁科技促进 中心2306 会议室主持召开区政府第 33 次常务会议。纪要如下： 一、会议审议了《常州市天宁区 2024 年法治政府建设工作要点》 会议认为，法治政府建设是推进依法行政和科学决策的重要支撑，是全区经济社会高质量发展的法治保障。 会议要求： （ 1 ）深化思想认识。 深入贯彻习近平法治思想，认真落实党中央、国务院关于法治政府建设决策部署","二〇二六年七月二十五日公开资料采集整理"
"220","区政府第30次常务会议纪要","2024-06-11","常州市金坛区人民政府网站","http://www.jintan.gov.cn/html/czjt/2024/PAIHAQOE_0716/28811.html","https://www.changzhou.gov.cn/gova/wjk.php?click=m2_2&dept_id=0&keytype=title&keyword=%E4%BC%9A%E8%AE%AE%E7%BA%AA%E8%A6%81&page=1&sel_year=0&tc_id=0&tc_name=&website=jintan","栏目链接标题含会议纪要","","正文结构命中","1 废止日期 有效 内容概述 2024年6月8日上午，区长胥亚伟在市民中心B座一楼望华厅主持召开区政府第30次常务会议，现纪要如下：一、会议传达学习了习近平总书记对旅游工作作出的重要指示精神、习近平总书记在山东考察以及主持召开企业和专家座谈会时的重要讲话精神、习近平总书记在5月27日中共中央政治局会议上的重要讲话精神会议强调，各级各部门要以更高站位实施全域旅游创建行动，在严守生态安全底线的基础上，坚持全域统筹、提质增效、融合发展，树立精品 区政府第30次常务会议纪要 2024年6月8日上午，区长胥亚伟在市民中心B座一楼望华厅主持召开区政府第30次常务会议","二〇二六年七月二十五日公开资料采集整理"
"221","市政府第57次常务会议纪要","2024-06-05","昆山市人民政府网站","https://www.ks.gov.cn/kss/zfcwhy/202406/3166b9282689489ea8064b10b826f346.shtml","https://www.ks.gov.cn/kss/zfcwhy/xxgk_list.shtml","栏目链接标题含会议纪要","","正文结构命中","设工作情况汇报，学习《市场主体登记管理条例》《企业名称登记管理规定实施办法》，传达上级关于安全生产工作的最新部署要求。 会议议定以下意见： 一、 听取危险化学品和工贸企业安全生产 “ 六化 ” 建设工作情况汇报 （一）原则同意市应急管理局关于危险化学品和工贸企业安全生产 “ 六化 ” 建设工作情况的汇报。由市应急管理局根据会议讨论意见，会同相关部门推动各项工作举措落地见效。 （二）要深入推进 “ 六化 ” 建设。安全生产事关民生福祉、发展大局，须臾不可松懈。要认真学习贯彻习近平总书记关于安全生产的重要论述，把 “ 六化 ” 建设作为抓好安全生产的重要方法","二〇二六年七月二十五日公开资料采集整理"
"222","区政府2024年第4次常务会议纪要","2024-05-30","常州经济开发区管理委员会网站","http://www.cznd.gov.cn/html/cznd/2024/KOPOKANH_0809/21752.html","https://www.changzhou.gov.cn/gova/wjk.php?click=m2_2&dept_id=0&keytype=title&keyword=%E4%BC%9A%E8%AE%AE%E7%BA%AA%E8%A6%81&page=1&sel_year=0&tc_id=0&tc_name=&website=xinbei","栏目链接标题含会议纪要","","正文结构命中","024年5月29日上午，在区商务中心A座二楼求是厅，管委会主任、区长石旭涌主持召开管委会（区政府）常务会议。现将会议内容纪要如下： （一） 会议传达学习了习近平总书记在主持召开企业和专家座谈会时的重要讲话精神。 会议强调，习近平总书记的重要讲话深刻阐述了进一步全面深化改革的目标主题、改革重点、价值取向、方式方法，意义重大、内涵丰富。全区上下要认真学习领会，与习近平总书记对江苏工作重要讲话重要指示精神、习近平总书记关于全面深化改革的一系列新思想新观点新论断等结合起来，一体贯彻落实。要坚持守正创新，注重系统集成，不断用改革的思维、创新的办法解决发展中的新问题","二〇二六年七月二十五日公开资料采集整理"
"223","钟楼区政府2024年度第4次常务会议纪要","2024-05-29","常州市钟楼区人民政府网站","http://www.zhonglou.gov.cn/html/czzl/2024/FPKLLMMN_1206/22593.html","https://www.changzhou.gov.cn/gova/wjk.php?click=m2_2&dept_id=0&keytype=title&keyword=%E4%BC%9A%E8%AE%AE%E7%BA%AA%E8%A6%81&page=1&sel_year=0&tc_id=0&tc_name=&website=zhonglou","栏目链接标题含会议纪要","","正文结构命中","5月24日上午，在区机关815会议室，受区长李超鲲委托，区委常委、副区长王旭锋主持召开区政府2024年度第4次常务会议，现纪要如下：一、会议审议了《常州市钟楼区2024年法治政府建设工作要点》会议强调，法治政府建设是提升区域治理能力和水平的关键抓手，也是深化改革的重要支撑，各级各部门要以更坚决的态度、更有力的举措，坚定不移把法治政府建设推向深入。要聚焦工作要点要求，坚定扛起法治政府建设责任，确保各项部署要求 钟楼区政府2024年度第4次常务会议纪要 〔2024〕第4期 2024年5月24日上午，在区机关815会议室，受区长李超鲲委托，区委常委、副区长王旭","二〇二六年七月二十五日公开资料采集整理"
"224","区政府第32次常务会议纪要","2024-05-24","常州市天宁区人民政府网站","http://www.cztn.gov.cn/html/cztn/2024/CFHMLBAH_0524/31643.html","https://www.changzhou.gov.cn/gova/wjk.php?click=m2_2&dept_id=0&keytype=title&keyword=%E4%BC%9A%E8%AE%AE%E7%BA%AA%E8%A6%81&page=1&sel_year=0&tc_id=0&tc_name=&website=tianning","栏目链接标题含会议纪要","","正文结构命中","有效 内容概述： 2024年4月26日下午，区长张凯奇在天宁科技促进中心2306会议室，主持召开区政府第32次常务会议。纪要如下： 区政府第32次常务会议纪要 202 4 年 4 月 26 日 下午 ，区长张凯奇在天宁科技促进中心 2306 会议室，主持召开区政府第 32 次常务会议。纪要如下： 一、 会议审议了 《乌衣浜及开放大学地块城中村改造项目增补列入常州市天宁区 2024 年国民经济和社会发展计划事宜》 会议听取了区征收办关于将乌衣浜及开放大学地块城中村改造项目等 2 个房屋征收项目增补列入常州市天宁区 2024 年国民经济和社会发展计划的情况汇","二〇二六年七月二十五日公开资料采集整理"
"225","市政府第55次常务会议纪要","2024-05-14","昆山市人民政府网站","https://www.ks.gov.cn/kss/zfcwhy/202405/611135d6df234a1a919a72232db88cfe.shtml","https://www.ks.gov.cn/kss/zfcwhy/xxgk_list.shtml","栏目链接标题含会议纪要","","正文结构命中","》《昆山市规上工业企业研发机构全覆盖三年行动方案》《昆山市推动工业领域设备更新行动计划（ 2024—2027 年）》。 会议议定以下意见： 一、审议《昆山市实施 “ 八大工程 ” 全面提升科技创新能力三年行动计划（ 2024—2026 年）》 （一）原则同意《昆山市实施 “ 八大工程 ” 全面提升科技创新能力三年行动计划（ 2024—2026 年）》（以下简称《八大工程》）。由市科技局根据会议讨论意见，按程序提交市委常委会审议。 （二）提高思想认识。《八大工程》的制定实施是坚持以科技创新为引领、加快培育新质生产力的重要举措，也是昆山谋创新、促转型的关键一","二〇二六年七月二十五日公开资料采集整理"
"226","区政府2024年第3次常务会议纪要","2024-05-07","常州经济开发区管理委员会网站","http://www.cznd.gov.cn/html/cznd/2024/KOPOKANH_0809/21751.html","https://www.changzhou.gov.cn/gova/wjk.php?click=m2_2&dept_id=0&keytype=title&keyword=%E4%BC%9A%E8%AE%AE%E7%BA%AA%E8%A6%81&page=1&sel_year=0&tc_id=0&tc_name=&website=xinbei","栏目链接标题含会议纪要","","正文结构命中","024年4月30日上午，在区商务中心A座二楼求是厅，管委会主任、区长石旭涌主持召开管委会（区政府）常务会议。现将会议内容纪要如下： （一） 会议传达学习了习近平总书记署名文章《必须坚持人民至上》。会议强调，政府系统要深入学习贯彻习近平总书记关于必须坚持人民至上的重要论述，巩固拓展主题教育成果，更加自觉地站稳人民立场、把握人民愿望、尊重人民创造、集中人民智慧，及时回应群众关切，持续加大高品质的教育、医疗、养老等公共服务供给，不断健全社会保障体系，用实际行动践行全心全意为人民服务的宗旨。 （二） 会议传达学习了全省对口支援协作合作工作有关精神，听取了区经发局","二〇二六年七月二十五日公开资料采集整理"
"227","钟楼区政府2024年度第3次常务会议纪要","2024-05-06","常州市钟楼区人民政府网站","http://www.zhonglou.gov.cn/html/czzl/2024/FPKLLMMN_0513/21760.html","https://www.changzhou.gov.cn/gova/wjk.php?click=m2_2&dept_id=0&keytype=title&keyword=%E4%BC%9A%E8%AE%AE%E7%BA%AA%E8%A6%81&page=1&sel_year=0&tc_id=0&tc_name=&website=zhonglou","栏目链接标题含会议纪要","","正文结构命中","4月26日上午，在区机关815会议室，受区长李超鲲委托，区委常委、副区长王旭锋主持召开区政府2024年度第3次常务会议，现纪要如下：一、会议审议了《关于推动钟楼区新型智能微电网先导区发展的工作方案》会议强调，要抓实对接沟通，建立信息互通互联工作机制，加强与供电等部门常态化联动，切实形成推动工作的强大合力；要抓细项目谋划，做好顶层设计，进一步细化完善方案，有力有效推动各项工作落地落实。会议原则同意区发改 钟楼区政府2024年度第3次常务会议纪要 〔2024〕第3期 2024年4月26日上午，在区机关815会议室，受区长李超鲲委托，区委常委、副区长王旭锋主持","二〇二六年七月二十五日公开资料采集整理"
"228","区政府第31次常务会议纪要","2024-04-30","常州市天宁区人民政府网站","http://www.cztn.gov.cn/html/cztn/2024/CFHMLBAH_0430/31536.html","https://www.changzhou.gov.cn/gova/wjk.php?click=m2_2&dept_id=0&keytype=title&keyword=%E4%BC%9A%E8%AE%AE%E7%BA%AA%E8%A6%81&page=1&sel_year=0&tc_id=0&tc_name=&website=tianning","栏目链接标题含会议纪要","","正文结构命中","有效 内容概述： 2024年4月2日下午，区长张凯奇在天宁科技促进中心2306会议室，主持召开区政府第31次常务会议。纪要如下 区政府第31次常务会议纪要 202 4 年 4 月 2 日 下午 ，区长张凯奇在天宁科技促进中心 2306 会议室，主持召开区政府第 31 次常务会议。纪要如下： 一、会议审议了《关于印发〈 2024 年度天宁区政府重大行政决策事项目录〉的通知》 会议认为，制定事项目录是健全行政决策制度体系，不断提升行政决策公信力和执行力的重要举措，是规范区政府重大行政决策行为，促进依法、科学、民主决策的重要保障。 会议要求： （ 1 ）依法","二〇二六年七月二十五日公开资料采集整理"
"229","市政府第54次常务会议纪要","2024-04-26","昆山市人民政府网站","https://www.ks.gov.cn/kss/zfcwhy/202404/f2cf873058304e9e8928b1da05726aee.shtml","https://www.ks.gov.cn/kss/zfcwhy/xxgk_list.shtml","栏目链接标题含会议纪要","","正文结构命中","山市特种设备安全生产 “ 六化 ” 建设工作方案》《昆山市危废处置及辐射领域安全生产 “ 六化 ” 建设工作方案》 。 会议议定以下意见： （一）原则同意 13 个 “ 六化 ” 建设专项工作方案 。由市民宗局、市科技局、市公安局、市民政局、市资源规划局、市住建局、市交通运输局、市文体广旅局、市市场监管局、生态环境局根据会议讨论意见，按程序提交市委常委会审议。 （二）要对标对表，全面贯彻落实。深入学习贯彻习近平总书记关于安全生产的重要论述，认真对照苏州、昆山相关工作方案要求，逐条逐项梳理 “ 六化 ” 建设 “ 时间表 ”“ 任务书 ” ，聚焦人的不安全","二〇二六年七月二十五日公开资料采集整理"
"230","市政府第53次常务会议纪要","2024-04-16","昆山市人民政府网站","https://www.ks.gov.cn/kss/zfcwhy/202404/15f2a449772246c9b811ed3923dfe84d.shtml","https://www.ks.gov.cn/kss/zfcwhy/xxgk_list.shtml","栏目链接标题含会议纪要","","正文结构命中","“ 六化 ” 建设工作方案》《昆山市农业农村安全生产 “ 六化 ” 建设工作方案》，学习《校外培训行政处罚暂行办法》。 会议议定以下意见： 一、审议《昆山市危险化学品企业安全生产 “ 六化 ” 建设工作方案》《昆山市工贸企业安全生产 “ 六化 ” 建设工作方案》《昆山市油气输送管道领域安全生产 “ 六化 ” 建设工作方案》《昆山市电力行业安全生产 “ 六化 ” 建设工作方案》《昆山市农业农村安全生产 “ 六化 ” 建设工作方案》 （一）原则同意市应急管理局《昆山市危险化学品企业安全生产 “ 六化 ” 建设工作方案》《昆山市工贸企业安全生产 “ 六化 ”","二〇二六年七月二十五日公开资料采集整理"
"231","区政府第30次常务会议纪要","2024-04-12","常州市天宁区人民政府网站","http://www.cztn.gov.cn/html/cztn/2024/CFHMLBAH_0412/31518.html","https://www.changzhou.gov.cn/gova/wjk.php?click=m2_2&dept_id=0&keytype=title&keyword=%E4%BC%9A%E8%AE%AE%E7%BA%AA%E8%A6%81&page=1&sel_year=0&tc_id=0&tc_name=&website=tianning","栏目链接标题含会议纪要","","正文结构命中","有效 内容概述： 2024年3月15日下午，区长张凯奇在天宁科技促进中心2306会议室，主持召开区政府第30次常务会议。纪要如下： 区政府第30次常务会议纪要 202 4 年 3 月 15 日 下午 ，区长张凯奇在天宁科技促进中心 2306 会议室，主持召开区政府第 30 次常务会议。纪要如下： 一、会议审议了《 2024 年度天宁区政府集中建设项目计划》 会议听取了区住建局关于将常州市天宁区非居民用气场所 “瓶改管”工程等 4 个项目列入 2024 年集中建设项目年度计划的情况汇报。 会议强调，要严格按照《区政府投资非盈利性工程建设项目集中建设管理实施","二〇二六年七月二十五日公开资料采集整理"
"232","市政府第52次常务会议纪要","2024-04-10","昆山市人民政府网站","https://www.ks.gov.cn/kss/zfcwhy/202404/30ad1450f4294cca945388ec8c048140.shtml","https://www.ks.gov.cn/kss/zfcwhy/xxgk_list.shtml","栏目链接标题含会议纪要","","正文结构命中","等卫生健康领域安全生产 “ 六化 ” 建设工作方案》《昆山市商场市场和餐饮行业安全生产 “ 六化 ” 建设工作方案》。 会议议定以下意见： 一、审议《昆山市安全生产治本攻坚三年行动（ 2024 — 2026 年）实施方案和 2024 年重点工作任务》 （一）原则同意市安委办《昆山市安全生产治本攻坚三年行动（ 2024 — 2026 年）实施方案和 2024 年重点工作任务》。由市安委办根据会议讨论意见，按程序发文实施。 （二）思想上要更重视。开展安全生产治本攻坚三年行动，是深入贯彻落实习近平总书记关于安全生产的重要论述的积极行动，也是国务院安委会在综合分","二〇二六年七月二十五日公开资料采集整理"
"233","钟楼区政府2024年度第2次常务会议纪要","2024-04-08","常州市钟楼区人民政府网站","http://www.zhonglou.gov.cn/html/czzl/2024/FPKLLMMN_0513/21759.html","https://www.changzhou.gov.cn/gova/wjk.php?click=m2_2&dept_id=0&keytype=title&keyword=%E4%BC%9A%E8%AE%AE%E7%BA%AA%E8%A6%81&page=1&sel_year=0&tc_id=0&tc_name=&website=zhonglou","栏目链接标题含会议纪要","","正文结构命中","有效 内容概述： 2024年3月29日下午，在区机关102会议室，区长李超鲲主持召开区政府2024年度第2次常务会议，现纪要如下：一、会议听取了关于表扬全区武装工作先进单位和先进个人的情况汇报会议原则同意关于表扬全区武装工作先进单位和先进个人的情况汇报。会议强调，区人武部要以此次表彰为契机，动员广大专武干部和民兵以榜样为镜、向标杆看齐，团结奋进、担当实干，扎实推进国防动员、双拥共建、国防教育等工作落地落实，全力推动全区武装工作再 钟楼区政府2024年度第2次常务会议纪要 〔2024〕第2期 2024年3月29日下午，在区机关102会议室，区长李超鲲主持","二〇二六年七月二十五日公开资料采集整理"
"234","市政府第51次常务会议纪要","2024-03-20","昆山市人民政府网站","https://www.ks.gov.cn/kss/zfcwhy/202403/509bb8a18d7441daaa98b71855dea6b9.shtml","https://www.ks.gov.cn/kss/zfcwhy/xxgk_list.shtml","栏目链接标题含会议纪要","","正文结构命中","安全生产专业委员会相关工作情况的汇报、关于对 2024 年安全生产重大事故隐患项目提请市政府挂牌督办有关情况的汇报 。 会议议定以下意见： 一、听取关于农业农村安全生产专业委员会相关工作情况的汇报 （一）原则同意市农业农村局关于农业农村安全生产专业委员会相关工作情况的汇报。由市农业农村局根据会议讨论意见，会同相关部门推动各项工作举措落地见效。 （二）要强化底线意识。学习运用 “ 千万工程 ” 经验，聚焦水上作业、大棚种植、农机管理等重点领域，深入推进 “ 六化 ” 建设，从严抓好问题隐患整改，全力确保农业农村领域安全生产形势持续稳定向好。 （三）要全力排","二〇二六年七月二十五日公开资料采集整理"
"235","区政府2024年第2次常务会议纪要","2024-03-13","常州经济开发区管理委员会网站","http://www.cznd.gov.cn/html/cznd/2024/KOPOKANH_0425/21572.html","https://www.changzhou.gov.cn/gova/wjk.php?click=m2_2&dept_id=0&keytype=title&keyword=%E4%BC%9A%E8%AE%AE%E7%BA%AA%E8%A6%81&page=1&sel_year=0&tc_id=0&tc_name=&website=xinbei","栏目链接标题含会议纪要","","正文结构命中","第2次常务会议纪要 2024年3月13日上午，在区商务中心A座二楼求是厅，区长石旭涌主持召开区政府常务会议。现将会议内容纪要如下： （一） 会议传达学习了全国两会精神和习近平总书记在参加江苏代表团审议时的重要讲话精神。 会议强调，政府系统要认真学习领会，全力以赴书写好中国式现代化的高新答卷。要加快发展新质生产力，落实好“因地制宜”的要求，统筹推进传统产业升级、新兴产业壮大、未来产业培育。要深化重点领域和关键环节改革，打通束缚发展的堵点难点。要不断巩固拓展主题教育成果，用心用情办好就业、教育、医疗、托育、养老等方面民生实事。要统筹发展和安全，实现高质量发展","二〇二六年七月二十五日公开资料采集整理"
"236","区政府第29次常务会议纪要","2024-03-07","常州市天宁区人民政府网站","http://www.cztn.gov.cn/html/cztn/2024/CFHMLBAH_0307/31513.html","https://www.changzhou.gov.cn/gova/wjk.php?click=m2_2&dept_id=0&keytype=title&keyword=%E4%BC%9A%E8%AE%AE%E7%BA%AA%E8%A6%81&page=1&sel_year=0&tc_id=0&tc_name=&website=tianning","栏目链接标题含会议纪要","","正文结构命中","有效 内容概述： 2024年2月4日上午，区长张凯奇在天宁科技促进中心2306会议室，主持召开区政府第29次常务会议。纪要如下： 区政府第29次常务会议纪要 202 4 年 2 月 4 日 上午 ，区长张凯奇在天宁科技促进中心 2306 会议室，主持召开区政府第 2 9 次常务会议。纪要如下： 一、 会议审议了《 天宁区营商环境优化暨产业发展大会方案 》 会议认为，召开营商环境优化暨产业发展大会，是深入贯彻党的二十大精神和习近平总书记对江苏工作重要讲话重要指示精神，全面落实全市 “万亿之城再出发”部署要求，进一步动员全区上下坚定信心、鼓足干劲、勇挑大梁","二〇二六年七月二十五日公开资料采集整理"
"237","市政府第50次常务会议纪要","2024-03-06","昆山市人民政府网站","https://www.ks.gov.cn/kss/zfcwhy/202403/f007d8b0e3b34755a80c29af94babfa5.shtml","https://www.ks.gov.cn/kss/zfcwhy/xxgk_list.shtml","栏目链接标题含会议纪要","","正文结构命中","化 ” 建设实施方案》《关于加强区镇消防监管能力建设实施方案》《昆山市消防救援大队委托区镇政府消防执法工作实施方案》。 会议议定以下意见： 一、审议 《昆山市推进落实安全生产 “ 六化 ” 建设的实施方案》 （一）原则同意《昆山市推进落实安全生产 “ 六化 ” 建设的实施方案》。由市安委办根据会议讨论意见作修改完善后，按程序提交市委常委会审议。 （二）要提高思想认识，加快 “ 六化 ” 建设。深入学习贯彻习近平总书记关于安全生产的重要论述，把大力推进 “ 六化 ” 建设作为抓本质安全的重要方法论，通过扎扎实实、踏踏实实的工作，推动安全发展理念、安全生产责","二〇二六年七月二十五日公开资料采集整理"
"238","市政府第49次常务会议纪要","2024-03-06","昆山市人民政府网站","https://www.ks.gov.cn/kss/zfcwhy/202403/c1ffb4a5edb5452d9c4935d0de3a8257.shtml","https://www.ks.gov.cn/kss/zfcwhy/xxgk_list.shtml","栏目链接标题含会议纪要","","正文结构命中","训机构安全监管的情况汇报，学习《中华人民共和国行政复议法》，强调部署近期大范围雨雪冰冻和寒潮大风天气灾害防范应对工作。 会议议定以下意见： 一、听取关于全市文化娱乐场所及文体类校外培训机构安全监管的情况汇报 （一）原则同意市文体广旅局关于全市文化娱乐场所及文体类校外培训机构安全监管的情况汇报。由市文体广旅局根据会议讨论意见，会同相关部门推动各项工作举措落地见效。 （二）要紧绷安全之弦，坚决抓牢抓实文体旅行业安全生产工作，聚焦未成年人心理健康等重点人群、关键领域加强风险研判和规律把握。 （三）要深入排查隐患，按照安全生产 “ 六化 ” 工作清单，加大线上线","二〇二六年七月二十五日公开资料采集整理"
"239","钟楼区政府2024年度第1次常务会议纪要","2024-02-08","常州市钟楼区人民政府网站","http://www.zhonglou.gov.cn/html/czzl/2024/FPKLLMMN_0513/21758.html","https://www.changzhou.gov.cn/gova/wjk.php?click=m2_2&dept_id=0&keytype=title&keyword=%E4%BC%9A%E8%AE%AE%E7%BA%AA%E8%A6%81&page=1&sel_year=0&tc_id=0&tc_name=&website=zhonglou","栏目链接标题含会议纪要","","正文结构命中","有效 内容概述： 2024年1月31日下午，在区机关102会议室，区长李超鲲主持召开区政府2024年度第1次常务会议，现纪要如下：一、会议集体学习了《常州市涉企行政检查办法》会议指出，《常州市涉企行政检查办法》的出台，对于规范涉企行政检查行为、优化法治化营商环境具有重要意义。要加强普法执法，严格依法检查，进一步提升行政监管效能，切实保护企业等市场主体的合法权益。会议强调，要遵循依法、必要、规范、高效原则，在守牢安全底线的前提下，统 钟楼区政府2024年度第1次常务会议纪要 〔2024〕第1期 2024年1月31日下午，在区机关102会议室，区长李超鲲主","二〇二六年七月二十五日公开资料采集整理"
"240","市政府第48次常务会议纪要","2024-02-08","昆山市人民政府网站","https://www.ks.gov.cn/kss/zfcwhy/202402/542ae1531fb24304a9f873e400a92ca3.shtml","https://www.ks.gov.cn/kss/zfcwhy/xxgk_list.shtml","栏目链接标题含会议纪要","","正文结构命中","支持工业企业增资扩产实施方案》《昆山市智能化改造数字化转型网络化联接三年行动计划（ 2024 — 2026 年）》 。 会议议定以下意见： 一、 听取关于全市道路交通安全重点隐患路段 “5510” 整治工程的情况汇报 （一）原则同意市公安局关于全市道路交通安全重点隐患路段 “5510” 整治工程的情况汇报。由市公安局根据会议讨论意见，按程序发文实施。 （二）要提高政治站位，坚决扛起整治责任。道路交通安全是 “ 人命关天 ” 的大事，要把实施 “5510” 整治工程作为防范道路交 通领域安全风险、压降各类事故发生的方法论。市有关部门、各区镇要能早则早、快出","二〇二六年七月二十五日公开资料采集整理"
"241","区政府第28次常务会议纪要","2024-02-07","常州市天宁区人民政府网站","http://www.cztn.gov.cn/html/cztn/2024/CFHMLBAH_0207/31425.html","https://www.changzhou.gov.cn/gova/wjk.php?click=m2_2&dept_id=0&keytype=title&keyword=%E4%BC%9A%E8%AE%AE%E7%BA%AA%E8%A6%81&page=1&sel_year=0&tc_id=0&tc_name=&website=tianning","栏目链接标题含会议纪要","","正文结构命中","有效 内容概述： 2024年1月19日上午，区长张凯奇在天宁科技促进中心2306会议室，主持召开区政府第28次常务会议。纪要如下： 区政府第28次常务会议纪要 2024年1月19日上午，区长张凯奇在天宁科技促进中心2306会议室，主持召开区政府第28次常务会议。纪要如下： 一、会议审议了《常州市天宁区2023年度法治政府建设情况报告》 会议认为，依法行政是提升政府治理体系和治理能力现代化的必由之路，全区上下要坚持党对法治政府建设的全面领导，以更高站位、更大力度全面提升法治政府建设的整体水平。 会议要求：（1）强化责任落实。要切实履行推进法治建设第一责任人","二〇二六年七月二十五日公开资料采集整理"
"242","区政府2024年第1次常务会议纪要","2024-02-05","常州经济开发区管理委员会网站","http://www.cznd.gov.cn/html/cznd/2024/KOPOKANH_0321/21486.html","https://www.changzhou.gov.cn/gova/wjk.php?click=m2_2&dept_id=0&keytype=title&keyword=%E4%BC%9A%E8%AE%AE%E7%BA%AA%E8%A6%81&page=1&sel_year=0&tc_id=0&tc_name=&website=xinbei","栏目链接标题含会议纪要","","正文结构命中","年第1次常务会议纪要 2024年2月1日上午，在区商务中心A座二楼求是厅，区长石旭涌主持召开区政府常务会议。现将会议内容纪要如下： （一） 会议传达学习了省、市两会精神。 会议强调，政府系统要把学习贯彻省、市两会精神作为当前和今后一个时期的重要政治任务，与学习贯彻党的二十大精神，贯彻落实省、市、区委全会精神结合起来，在全省、全市发展大局中找准高新区的功能定位、发展目标和路径依托，切实当好“532”发展战略主力军，聚力推进“三大工程”，持续扮靓“六张高新名片”，全力打造新能源之都核心区，为常州“万亿之城再出发”勇挑大梁、多作贡献。 （二） 会议学习了新修订","二〇二六年七月二十五日公开资料采集整理"
"243","区政府第27次常务会议纪要","2024-01-23","常州市天宁区人民政府网站","http://www.cztn.gov.cn/html/cztn/2024/CFHMLBAH_0123/31154.html","https://www.changzhou.gov.cn/gova/wjk.php?click=m2_2&dept_id=0&keytype=title&keyword=%E4%BC%9A%E8%AE%AE%E7%BA%AA%E8%A6%81&page=1&sel_year=0&tc_id=0&tc_name=&website=tianning","栏目链接标题含会议纪要","","正文结构命中","效 内容概述： 2023年12月25日下午，区长张凯奇在天宁科技促进中心2306会议室，主持召开区政府第27次常务会议。纪要如下： 区政府第27次常务会议纪要 2023 年 1 2 月 2 5 日下午，区长张凯奇在天宁科技促进中心 2306 会议室，主持召开区政府第 2 7 次常务会议。纪要如下： 一、 会议审议了《 2024 年政府工作报告》和《 2024 年度区民生实事候选项目》 会议认为，《 2024 年政府工作报告》是全区上下集思广益、凝聚众智的结晶，报告全面客观地总结回顾了 2023 年工作，成效突出、亮点纷呈、振奋人心；对 2024 年工作部","二〇二六年七月二十五日公开资料采集整理"
"244","市政府第47次常务会议纪要","2024-01-05","昆山市人民政府网站","https://www.ks.gov.cn/kss/zfcwhy/202401/cddc2bdd6f84407f8f1bf406e10360cc.shtml","https://www.ks.gov.cn/kss/zfcwhy/xxgk_list.shtml","栏目链接标题含会议纪要","","正文结构命中","情况与2024年国民经济和社会发展计划草案的报告》，听取2023年财政预算执行情况和2024年财政预算（草案）的汇报。 会议议定以下意见： 一、审议《全市主要发展指标2023年预计完成和2024年预期目标》《昆山市2023年国民经济和社会发展计划执行情况与2024年国民经济和社会发展计划草案的报告》 （一）原则同意《全市主要发展指标2023年预计完成和2024年预期目标》《昆山市2023年国民经济和社会发展计划执行情况与2024年国民经济和社会发展计划草案的报告》。由市发改委根据会议讨论意见作进一步修改完善后，按程序提交市委常委会审议。 （二）要全力冲刺","二〇二六年七月二十五日公开资料采集整理"
"245","钟楼区政府2023年度第11次常务会议纪要","2023-12-24","常州市钟楼区人民政府网站","http://www.zhonglou.gov.cn/html/czzl/2024/FPKLLMMN_0111/21164.html","https://www.changzhou.gov.cn/gova/wjk.php?click=m2_2&dept_id=0&keytype=title&keyword=%E4%BC%9A%E8%AE%AE%E7%BA%AA%E8%A6%81&page=1&sel_year=0&tc_id=0&tc_name=&website=zhonglou","栏目链接标题含会议纪要","","正文结构命中","效 内容概述： 2023年12月24日上午，在区机关102会议室，区长李超鲲主持召开区政府2023年度第11次常务会议，现纪要如下：一、会议集体学习了《中华人民共和国行政复议法》会议强调，各级各部门要深入学习贯彻习近平法治思想，准确把握行政复议制度的精神实质和实践要求，自觉把“程序意识、法治意识、规则意识”贯穿到依法行政的全过程，扎实推进行政争议实质性化解，切实提升社会治理法治化水平。二、会议审议了《关于钟楼区2022年本级预算执行情 钟楼区政府2023年度第11次常务会议纪要 〔2023〕第11期 2023年12月24日上午，在区机关102会议室，区长","二〇二六年七月二十五日公开资料采集整理"
"246","区政府第23次常务会议纪要","2023-12-21","常州市金坛区人民政府网站","http://www.jintan.gov.cn/html/czjt/2023/PAIHAQOE_1226/27967.html","https://www.changzhou.gov.cn/gova/wjk.php?click=m2_2&dept_id=0&keytype=title&keyword=%E4%BC%9A%E8%AE%AE%E7%BA%AA%E8%A6%81&page=1&sel_year=0&tc_id=0&tc_name=&website=jintan","栏目链接标题含会议纪要","","正文结构命中","废止日期 有效 内容概述 2023年12月13日上午，区长胥亚伟在市民中心B座一楼望华厅主持召开区政府第23次常务会议，现纪要如下：一、会议研究讨论了《2024年度常州市金坛区重点规划编制及策划项目计划清单》会议指出，制定《2024年度常州市金坛区重点规划编制及策划项目计划清单》，是为了加强对我区规划编制工作的刚性管控，充分发挥规划科学引领作用。会议强调，区资源规划局及相关编制责任单位在清单明确后，要严格规范流程，共同参与招投标，合理控制成本 区政府第23次常务会议纪要 第11号 2023年12月13日上午，区长胥亚伟在市民中心B座一楼望华厅主持召开区政","二〇二六年七月二十五日公开资料采集整理"
"247","市政府第46次常务会议纪要","2023-12-18","昆山市人民政府网站","https://www.ks.gov.cn/kss/zfcwhy/202312/4ec19448620d4223b48a31d736e284d3.shtml","https://www.ks.gov.cn/kss/zfcwhy/xxgk_list.shtml","栏目链接标题含会议纪要","","正文结构命中","关于真抓实干督查激励拟争取事项、关于养老场所安全生产专委会工作情况的汇报，审议《昆山市市级乡村振兴专项资金管理办法》。 会议议定以下意见： 一、听取昆山市贯彻落实习近平总书记关于知识产权保护工作的重要指示精神的情况汇报 （一）原则同意市市场监管局关于昆山市贯彻落实习近平总书记关于知识产权保护工作的重要指示精神的情况汇报。由市市场监管局根据会议讨论意见，抓好后续工作。 （二）要进一步树牢知识产权保护理念。创新是引领发展的第一动力，保护知识产权就是保护创新。要深入学习贯彻习近平总书记关于知识产权保护工作的重要指示精神，切实增强“知识就是力量、产权必须保护”的","二〇二六年七月二十五日公开资料采集整理"
"248","区政府第26次常务会议纪要","2023-12-05","常州市天宁区人民政府网站","http://www.cztn.gov.cn/html/cztn/2023/CFHMLBAH_1205/30843.html","https://www.changzhou.gov.cn/gova/wjk.php?click=m2_2&dept_id=0&keytype=title&keyword=%E4%BC%9A%E8%AE%AE%E7%BA%AA%E8%A6%81&page=1&sel_year=0&tc_id=0&tc_name=&website=tianning","栏目链接标题含会议纪要","","正文结构命中","效 内容概述： 2023年11月15日下午，区长张凯奇在天宁科技促进中心2306会议室，主持召开区政府第26次常务会议。纪要如下： 区政府第26次常务会议纪要 2023 年 11 月 15 日 下 午，区长张 凯奇 在天宁科技促进中心 2306 会议室，主持召开区政府第 26 次常务会议。纪要如下： 一、 会议审议了《天宁区个体工商户分型分类精准帮扶试点工作方案》 会议认为 ， 开展个体工商户分型分类精准帮扶试点工作是促进个体工商户增量提质、健康发展的重要举措，更是促进经济繁荣、就业稳定，方便群众生活的重要途径。 会议要求： （ 1 ）加强组织领导。 依","二〇二六年七月二十五日公开资料采集整理"
"249","钟楼区政府2023年度第10次常务会议纪要","2023-11-30","常州市钟楼区人民政府网站","http://www.zhonglou.gov.cn/html/czzl/2024/FPKLLMMN_0109/21133.html","https://www.changzhou.gov.cn/gova/wjk.php?click=m2_2&dept_id=0&keytype=title&keyword=%E4%BC%9A%E8%AE%AE%E7%BA%AA%E8%A6%81&page=1&sel_year=0&tc_id=0&tc_name=&website=zhonglou","栏目链接标题含会议纪要","","正文结构命中","0次常务会议纪要2023年11月23日上午，在区机关102会议室，区长李超鲲主持召开区政府2023年度第10次常务会议，现纪要如下：一、会议审议了《常州市钟楼区国民经济和社会发展第十四个五年规划和二〇三五年远景目标纲要实施中期评估报告》会议指出，今年是全面学习贯彻党的二十大精神开局之年，是贯彻落实习近平总书记对江苏工作重要讲话精神起步之年，是“十四五”规划承前启后、接续奋力的关键一年，开展全区“ 钟楼区政府2023年度第10次常务会议纪要 〔2023〕第10期 2023年11月23日上午，在区机关102会议室，区长李超鲲主持召开区政府2023年度第10次","二〇二六年七月二十五日公开资料采集整理"
"250","市政府第45次常务会议纪要","2023-11-17","昆山市人民政府网站","https://www.ks.gov.cn/kss/zfcwhy/202311/d254e227e8d745e2afb742251799eeb7.shtml","https://www.ks.gov.cn/kss/zfcwhy/xxgk_list.shtml","栏目链接标题含会议纪要","","正文结构命中","府第45次常务会议，听取商场市场和餐饮行业安全生产专委会工作情况的汇报、“七月督查月”关于防洪安全能力提升的督查报告。 会议议定以下意见： 一、听取商场市场和餐饮行业安全生产专委会工作情况的汇报 （一）原则同意市商务局关于商场市场和餐饮行业安全生产专委会工作情况的汇报。由市商务局根据会议讨论意见，会同相关部门推动各项工作举措落地见效。 （二）要始终紧绷安全之弦。我市商场市场和餐饮场所面广量大，安全生产仍需持续用力、久久为功。要以“时时放心不下”的责任感，加强风险研判，全面查漏补缺，进一步加强对商场市场、餐饮场所、加油站等重点领域风险隐患识别，动态更新隐患","二〇二六年七月二十五日公开资料采集整理"
"251","市政府第44次常务会议纪要","2023-11-16","昆山市人民政府网站","https://www.ks.gov.cn/kss/zfcwhy/202311/7b0704a723864b5fbad4a5633d5367a6.shtml","https://www.ks.gov.cn/kss/zfcwhy/xxgk_list.shtml","栏目链接标题含会议纪要","","正文结构命中","常务会议，审议《加快建设制造强市实施方案》，听取关于延续执行《昆山市关于推进工业区改造升级的若干政策措施》的情况汇报。 会议议定以下意见： 一、审议《加快建设制造强市实施方案》 （一）原则同意《加快建设制造强市实施方案》。由市工信局根据会议讨论意见，按程序提交市委常委会审议。 （二）要思想认识再提升。制造业是实体经济的基础，也是科技创新的主战场。要充分认识加快建设制造强市的极端重要性，紧紧围绕既定目标、把稳工作节奏，着力推动制造业高端化、智能化、绿色化发展，加快构建以先进制造业为骨干的现代化产业体系。 （三）要聚焦重点再发力。坚持存量、增量两手抓，高质量","二〇二六年七月二十五日公开资料采集整理"
"252","区政府2023年第8次常务会议纪要","2023-11-10","常州经济开发区管理委员会网站","http://www.cznd.gov.cn/html/cznd/2024/KOPOKANH_0115/21259.html","https://www.changzhou.gov.cn/gova/wjk.php?click=m2_2&dept_id=0&keytype=title&keyword=%E4%BC%9A%E8%AE%AE%E7%BA%AA%E8%A6%81&page=1&sel_year=0&tc_id=0&tc_name=&website=xinbei","栏目链接标题含会议纪要","","正文结构命中","第8次常务会议纪要 2023年11月3日上午，在区商务中心A座二楼求是厅，区长石旭涌主持召开区政府常务会议。现将会议内容纪要如下： （一） 会议传达学习了习近平总书记在进一步推动长江经济带高质量发展座谈会上的重要讲话精神。 会议强调，全区上下要深刻领会、抓好落实，切实推进长江大保护和长江经济带高质量发展。要扎实做好中央生态环保督察反馈问题整改，持续打好蓝天碧水净土保卫战，推动生态价值转换。要坚持创新引领发展，前瞻布局战略性新兴产业和未来产业，扎实推进科小和高企引育，打造升级更多高质量科创平台。要更好统筹发展和安全，切实维护粮食安全、能源安全、重要产业链供","二〇二六年七月二十五日公开资料采集整理"
"253","钟楼区政府2023年度第9次常务会议纪要","2023-10-30","常州市钟楼区人民政府网站","http://www.zhonglou.gov.cn/html/czzl/2024/FPKLLMMN_0109/21132.html","https://www.changzhou.gov.cn/gova/wjk.php?click=m2_2&dept_id=0&keytype=title&keyword=%E4%BC%9A%E8%AE%AE%E7%BA%AA%E8%A6%81&page=1&sel_year=0&tc_id=0&tc_name=&website=zhonglou","栏目链接标题含会议纪要","","正文结构命中","第9次常务会议纪要2023年10月23日上午，在区机关815会议室，区长李超鲲主持召开区政府2023年度第9次常务会议，现纪要如下：一、会议听取了安全生产有关情况汇报会议指出，安全生产事关群众福祉，事关经济社会发展大局。要深入学习贯彻习近平总书记关于安全生产重要论述重要指示批示精神，严格落实“三管三必须”要求，压紧压实“四方责任”，持续营造安全稳定的发展环境。会议强调，要强化统筹协调，持续完善工作 钟楼区政府2023年度第9次常务会议纪要 〔2023〕第9期 2023年10月23日上午，在区机关815会议室，区长李超鲲主持召开区政府2023年度第9次常务","二〇二六年七月二十五日公开资料采集整理"
"254","区政府第25次常务会议纪要","2023-10-30","常州市天宁区人民政府网站","http://www.cztn.gov.cn/html/cztn/2023/CFHMLBAH_1030/30765.html","https://www.changzhou.gov.cn/gova/wjk.php?click=m2_2&dept_id=0&keytype=title&keyword=%E4%BC%9A%E8%AE%AE%E7%BA%AA%E8%A6%81&page=1&sel_year=0&tc_id=0&tc_name=&website=tianning","栏目链接标题含会议纪要","","正文结构命中","有效 内容概述： 2023年10月9日下午，区长张凯奇在天宁科技促进中心2306会议室，主持召开区政府第25次常务会议。纪要如下： 区政府第25次常务会议纪要 2023 年 10 月 9 日 下 午，区长张凯奇在天宁科技促进中心 2306 会议室，主持召开区政府第 25 次常务会议。纪要如下： 一 、会议审议了《常州市天宁区燃气安全专项整治实施方案》 会议认为，燃气安全是事关人民群众生命财产安全的大事要事，要始终保持如履薄冰的责任感紧迫感，全面排查整治城镇燃气全链条风险隐患，坚决守牢燃气安全底线。 会议要求： （ 1 ）压实责任。 健全完善工作机制，明确","二〇二六年七月二十五日公开资料采集整理"
"255","市政府第43次常务会议纪要","2023-10-27","昆山市人民政府网站","https://www.ks.gov.cn/kss/zfcwhy/202310/bd5e51f188ef45fb84753e06489e441d.shtml","https://www.ks.gov.cn/kss/zfcwhy/xxgk_list.shtml","栏目链接标题含会议纪要","","正文结构命中","展的意见》，听取特种设备安全生产专业委员会工作情况汇报，审议《关于推进新时代人力资源服务业高质量发展的若干政策措施》。 会议议定以下意见： 一、学习习近平总书记关于中医药工作的重要论述、《中华人民共和国中医药法》《中共中央 国务院关于促进中医药传承创新发展的意见》 （一）会议学习了习近平总书记关于中医药工作的重要论述、《中华人民共和国中医药法》《中共中央 国务院关于促进中医药传承创新发展的意见》。会议指出，党的十八大以来，习近平总书记对中医药工作作出一系列重要论述，为我们做好新时代中医药工作、推动中医药振兴发展提供了根本遵循和行动指南。 （二）要强化责任","二〇二六年七月二十五日公开资料采集整理"
"256","区政府第22次常务会议纪要","2023-10-18","常州市武进区人民政府网站","http://www.wj.gov.cn/html/czwj/2023/BJLFPPJH_1027/74528.html","https://www.changzhou.gov.cn/gova/wjk.php?click=m2_2&dept_id=0&keytype=title&keyword=%E4%BC%9A%E8%AE%AE%E7%BA%AA%E8%A6%81&page=1&sel_year=0&tc_id=0&tc_name=&website=wujin","栏目链接标题含会议纪要","","正文结构命中","区政府第22次常务会议纪要 2023年10月13日下午，区长恽淇丞在区政府817会议室，主持召开区政府第22次常务会议，纪要如下： 一、集体学法：《私募投资基金监督管理条例》 会议指出，《条例》的出台，对进一步夯实私募行业发展法治基础、更好发挥私募基金在融资中的作用具有重要意义，为行业高质量发展带来新的机遇。地方金融监管部门要抓好贯彻落实，进一步强化资金募集、投资运作等各环节监管，推动产业投资基金在法治化规范化轨道上高质量发展；要持续打造基金“丛林”，纵深推进全区创投体系建设，加快打通“募投管退”各环节的痛点堵点，全面优化行业发展环境，切实发挥私募基金服","二〇二六年七月二十五日公开资料采集整理"
"257","区政府2023年第7次常务会议纪要","2023-10-09","常州经济开发区管理委员会网站","http://www.cznd.gov.cn/html/cznd/2024/KOPOKANH_0115/21257.html","https://www.changzhou.gov.cn/gova/wjk.php?click=m2_2&dept_id=0&keytype=title&keyword=%E4%BC%9A%E8%AE%AE%E7%BA%AA%E8%A6%81&page=1&sel_year=0&tc_id=0&tc_name=&website=xinbei","栏目链接标题含会议纪要","","正文结构命中","第7次常务会议纪要 2023年9月28日下午，在区商务中心A座二楼求是厅，区长石旭涌主持召开区政府常务会议。现将会议内容纪要如下： （一） 会议传达学习了《关于建立领导干部应知应会党内法规和国家法律清单制度的意见》（以下简称《意见》）。 会议指出，各单位要高度重视领导干部学法工作，将党内法规和国家法律清单作为领导干部学法的重要依据，推动学法成果转化为法治实践。 会议强调，各级领导干部要严格围绕《意见》提出的“应知应会”这一基本要求，重点学习宪法、党章党规以及本行业本领域法律法规，自觉用法治思想规范行为、指导实践、推动工作。要严守纪律规矩，永葆党员先进性、","二〇二六年七月二十五日公开资料采集整理"
"258","市政府第42次常务会议纪要","2023-10-08","昆山市人民政府网站","https://www.ks.gov.cn/kss/zfcwhy/202310/78d71c4d66da48cf804b97d05b449cc7.shtml","https://www.ks.gov.cn/kss/zfcwhy/xxgk_list.shtml","栏目链接标题含会议纪要","","正文结构命中","目标纲要》实施中期评估报告的汇报，审议《关于促进楼宇经济高质量发展行动方案》《关于促进楼宇经济高质量发展的若干政策》。 会议议定以下意见： 一、听取关于《昆山市国民经济和社会发展第十四个五年规划和二〇三五年远景目标纲要》实施中期评估报告的汇报 （一）原则同意市发改委关于《昆山市国民经济和社会发展第十四个五年规划和二〇三五年远景目标纲要》实施中期评估报告的汇报。由市发改委根据会议讨论意见，按程序提交市人大常委会审议。 （二）要以全局定位为导向，全面落实上级决策部署。中期评估既是对上阶段工作的自我对照，也是对下阶段目标的分析研判。市发改委要将开展中期评估工作","二〇二六年七月二十五日公开资料采集整理"
"259","区政府第24次常务会议纪要","2023-09-28","常州市天宁区人民政府网站","http://www.cztn.gov.cn/html/cztn/2023/CFHMLBAH_0928/30604.html","https://www.changzhou.gov.cn/gova/wjk.php?click=m2_2&dept_id=0&keytype=title&keyword=%E4%BC%9A%E8%AE%AE%E7%BA%AA%E8%A6%81&page=1&sel_year=0&tc_id=0&tc_name=&website=tianning","栏目链接标题含会议纪要","","正文结构命中","有效 内容概述： 2023年8月30日上午，区长张凯奇在天宁科技促进中心2306会议室，主持召开区政府第24次常务会议。纪要如下： 区政府第24次常务会议纪要 2023 年 8 月 30 日 上 午，区长张凯奇在天宁科技促进中心 2306 会议室，主持召开区政府第 24 次常务会议。纪要如下： 一、 会议审议了 2023 年度政府投资建设项目年度计划调增项目 会议听取了区发改局关于将季子北路道路新建工程、常州市焦溪初级中学改扩建等19 个项目增补进 202 3 年度政府投资建设项目计划，并将横塘河东路（太湖东路 —河海东路）建设工程调出政府投资建设项目计","二〇二六年七月二十五日公开资料采集整理"
"260","市政府第41次常务会议纪要","2023-09-13","昆山市人民政府网站","https://www.ks.gov.cn/kss/zfcwhy/202309/d29205c72a1f45e3bdee669498613447.shtml","https://www.ks.gov.cn/kss/zfcwhy/xxgk_list.shtml","栏目链接标题含会议纪要","","正文结构命中","之友“并蒂莲奖”评选情况的汇报，审议《昆山市见义勇为称号评定实施办法》《昆山高层次宣传文化人才计划实施细则（试行）》。 会议议定以下意见： 一、听取关于市油气输送管道和电力安全生产专委会工作情况汇报 （一）原则同意市发改委关于油气输送管道和电力安全生产专委会工作情况的汇报。由市发改委根据会议讨论意见，会同相关部门推动各项举措落地见效。 （二）要强化重点项目跟踪监测。油气输送管道和电力设施是城市能源供应的生命线，事关城市稳定有序运行和群众生命财产安全。针对各条线央企在昆山实施的重点工程项目，由相应主管部门第一时间掌握情况并汇总到市发改委，市发改委提出意见后","二〇二六年七月二十五日公开资料采集整理"
"261","区政府第21次常务会议纪要","2023-09-12","常州市金坛区人民政府网站","http://www.jintan.gov.cn/html/czjt/2023/PAIHAQOE_0928/27588.html","https://www.changzhou.gov.cn/gova/wjk.php?click=m2_2&dept_id=0&keytype=title&keyword=%E4%BC%9A%E8%AE%AE%E7%BA%AA%E8%A6%81&page=1&sel_year=0&tc_id=0&tc_name=&website=jintan","栏目链接标题含会议纪要","","正文结构命中","废止日期 有效 内容概述 2023年9月11日下午，区长胥亚伟在市民中心B座一楼望华厅主持召开区政府第21次常务会议，现纪要如下：一、会议研究讨论了《常州市金坛区国有企业固定资产投资管理办法（试行）》会议指出，制定《常州市金坛区国有企业固定资产投资管理办法（试行）》，是为进一步规范我区国有企业固定资产投资行为，强化事前、事中、事后监管，控制投资成本，防范投资风险，切实提高投资水平和效益。会议强调，各有关单位要从严把关新增项目，国有企 区政府第21次常务会议纪要 第9号 2023年9月11日下午，区长胥亚伟在市民中心B座一楼望华厅主持召开区政府第21次常","二〇二六年七月二十五日公开资料采集整理"
"262","区政府2023年第6次常务会议纪要","2023-09-08","常州经济开发区管理委员会网站","http://www.cznd.gov.cn/html/cznd/2023/KOPOKANH_1024/21109.html","https://www.changzhou.gov.cn/gova/wjk.php?click=m2_2&dept_id=0&keytype=title&keyword=%E4%BC%9A%E8%AE%AE%E7%BA%AA%E8%A6%81&page=1&sel_year=0&tc_id=0&tc_name=&website=xinbei","栏目链接标题含会议纪要","","正文结构命中","年第6次常务会议纪要 2023年9月1日上午，在区商务中心A座二楼求是厅，区长石旭涌主持召开区政府常务会议。现将会议内容纪要如下： （一） 会议传达学习了8月17日中共中央政治局常务委员会会议精神。 会议强调，全区上下要用大概率思维应对极端天气和可能发生的重特大自然灾害，慎终如始抓好防汛防台工作。要强化监测预报预警，密切关注雨情、水情、汛情变化，不断增强预报预警的精准度和时效性。要加大隐患排查力度，加强对低洼地带、建筑工地、地下车库等重点领域的防护，加快完善水利设施体系建设。要加强防灾减灾能力建设，进一步完善应急预案，备足应急物资，建强救援队伍，持续提升","二〇二六年七月二十五日公开资料采集整理"
"263","市政府第40次常务会议纪要","2023-09-04","昆山市人民政府网站","https://www.ks.gov.cn/kss/zfcwhy/202309/c44be4ae322940d6a4d4600851541190.shtml","https://www.ks.gov.cn/kss/zfcwhy/xxgk_list.shtml","栏目链接标题含会议纪要","","正文结构命中","避险预案》《昆山市乡村振兴“百村共富”基金运作管理办法（试行）》《昆山市工业企业安全生产网格员管理实施办法（试行）》。 会议议定以下意见： 一、听取关于高层建筑消防安全专项整治推进情况的汇报 （一）原则同意市高层建筑消防安全专项整治工作专班关于高层建筑消防安全专项整治推进情况的汇报。由市专班根据会议讨论意见，会相关部门和各区镇抓好后续工作落实，加大整改销号力度，切实提升本质安全水平。 （二）要聚焦重大隐患，加大攻坚力度。高层建筑消防安全是发展中的共性问题，必须在发展中破题解决。相关部门和各区镇要紧盯剩余的49个重大事故隐患三级挂牌督办项目，进一步压实工作","二〇二六年七月二十五日公开资料采集整理"
"264","钟楼区政府2023年度第8次常务会议纪要","2023-08-31","常州市钟楼区人民政府网站","http://www.zhonglou.gov.cn/html/czzl/2023/FPKLLMMN_1010/20796.html","https://www.changzhou.gov.cn/gova/wjk.php?click=m2_2&dept_id=0&keytype=title&keyword=%E4%BC%9A%E8%AE%AE%E7%BA%AA%E8%A6%81&page=1&sel_year=0&tc_id=0&tc_name=&website=zhonglou","栏目链接标题含会议纪要","","正文结构命中","有效 内容概述： 2023年8月24日上午，在区机关102会议室，区长李超鲲主持召开区政府2023年度第8次常务会议，现纪要如下：一、会议审议了《关于钟楼区2022年决算草案和2023年1-6月预算执行情况的报告》会议强调，全区上下要牢固树立过“紧日子”思想，坚持量入为出，强化开源节流，提高财政资金使用效率，确保全年财政收支平衡，切实守牢政府性债务率、债务风险等级“两不反弹”底线。会议要求，区财政局要加强统筹调度，强化资金撬动，做好财源配置 钟楼区政府2023年度第8次常务会议纪要 〔2023〕第8期 2023年8月24日上午，在区机关102会议室，区","二〇二六年七月二十五日公开资料采集整理"
"265","区政府第23次常务会议纪要","2023-08-30","常州市天宁区人民政府网站","http://www.cztn.gov.cn/html/cztn/2023/CFHMLBAH_0830/30373.html","https://www.changzhou.gov.cn/gova/wjk.php?click=m2_2&dept_id=0&keytype=title&keyword=%E4%BC%9A%E8%AE%AE%E7%BA%AA%E8%A6%81&page=1&sel_year=0&tc_id=0&tc_name=&website=tianning","栏目链接标题含会议纪要","","正文结构命中","有效 内容概述： 2023年7月28日上午，区长张凯奇在天宁科技促进中心2306会议室，主持召开区政府第23次常务会议。纪要如下： 区政府第23次常务会议纪要 202 3 年 7 月 28 日 上 午，区长张凯奇在天宁科技促进中心 2306 会议室，主持召开区政府第 23 次常务会议。纪要如下： 一、 会议审议了《常州市天宁区非法集资举报奖励实施办法（试行）》 会议认为，做好新形势下防范和处置非法集资工作是防范化解金融风险的重点任务，也是维护全区金融稳定和推动高质量发展的重要保证，更是维护人民群众财产安全的重要手段。 会议要求： （ 1 ）明确责任。 立","二〇二六年七月二十五日公开资料采集整理"
"266","市政府第39次常务会议纪要","2023-08-25","昆山市人民政府网站","https://www.ks.gov.cn/kss/zfcwhy/202308/82a13a905d794b2c825e699705eab005.shtml","https://www.ks.gov.cn/kss/zfcwhy/xxgk_list.shtml","栏目链接标题含会议纪要","","正文结构命中","公共基础设施城乡一体化管护体制改革2023年工作要点》《关于进一步促进昆山企业利用资本市场实现高质量发展的实施意见》。 会议议定以下意见： 一、听取工贸安全生产专委会工作情况的汇报 （一）原则同意市应急管理局关于工贸安全生产专委会工作情况的汇报。由市应急管理局根据会议讨论意见，抓好工作落实。 （二）群租园区是工贸企业较为集中的区域，隐患更为突出、须臾不可放松。要明确群租园区建设运营标准，做好安全分级分类管理，更大力度推动规范化、示范化园区创建，努力实现检查更聚焦、监管更精准。 （三）要压实出租方主体责任，督促引导其建立专业团队、规范管理制度、落实安全要求","二〇二六年七月二十五日公开资料采集整理"
"267","区政府2023年第5次常务会议纪要","2023-08-21","常州经济开发区管理委员会网站","http://www.cznd.gov.cn/html/cznd/2023/KOPOKANH_1024/21108.html","https://www.changzhou.gov.cn/gova/wjk.php?click=m2_2&dept_id=0&keytype=title&keyword=%E4%BC%9A%E8%AE%AE%E7%BA%AA%E8%A6%81&page=1&sel_year=0&tc_id=0&tc_name=&website=xinbei","栏目链接标题含会议纪要","","正文结构命中","第5次常务会议纪要 2023年7月24日下午，在区商务中心A座二楼求是厅，区长石旭涌主持召开区政府常务会议。现将会议内容纪要如下： （一） 会议传达学习了中央全面深化改革委员会第二次会议精神。 会议强调，各单位要切实扛起改革责任，把落实党中央要求、满足实践需要、符合基层期盼统一起来，推动各项改革任务落地见效。要健全完善更高水平开放型经济体制，不断提高全区对外开放水平。要深度调整产业结构，深入推进节能降碳，积极推行绿色制造，大力发展循环经济。要统筹推进好高新区教育、科技、人才事业发展，把各方资源和力量汇聚到协同创新上来，全面提高科技创新水平，助力实现高水平","二〇二六年七月二十五日公开资料采集整理"
"268","市政府第38次常务会议纪要","2023-08-15","昆山市人民政府网站","https://www.ks.gov.cn/kss/zfcwhy/202308/5b69dd0a17f340afa60014f4256fc103.shtml","https://www.ks.gov.cn/kss/zfcwhy/xxgk_list.shtml","栏目链接标题含会议纪要","","正文结构命中","发事件总体应急预案》《昆山市农村宅基地资格权管理指导意见（试行）》《昆山市农村宅基地退出、有偿使用指导意见（试行）》。 会议议定以下意见： 一、听取关于全市防汛工作情况的汇报 （一）原则同意市水务局关于全市防汛工作情况的汇报。由市水务局根据会议讨论意见，会同各区镇、各部门继续抓好防台防汛工作。 （二）当前汛期叠加台风，安全形势依然严峻复杂。要全面开展防汛工作阶段性总结，市水务局要将近期重点区域积水点视频图像分发至各区镇复盘剖析；各区镇要树牢底线思维、极限思维，立即召开专题会议，认真总结经验、全面研判形势、梳理风险隐患、加紧查漏补缺。 （三）要明确责任和时","二〇二六年七月二十五日公开资料采集整理"
"269","钟楼区政府2023年度第7次常务会议纪要","2023-08-07","常州市钟楼区人民政府网站","http://www.zhonglou.gov.cn/html/czzl/2023/FPKLLMMN_1010/20795.html","https://www.changzhou.gov.cn/gova/wjk.php?click=m2_2&dept_id=0&keytype=title&keyword=%E4%BC%9A%E8%AE%AE%E7%BA%AA%E8%A6%81&page=1&sel_year=0&tc_id=0&tc_name=&website=zhonglou","栏目链接标题含会议纪要","","正文结构命中","有效 内容概述： 2023年7月28日上午，在区机关102会议室，区长李超鲲主持召开区政府2023年度第7次常务会议，现纪要如下：一、会议集体学习了《中华人民共和国数字经济促进法（专家建议稿）》会议指出，数字经济是实现高质量发展的重要推动力量，也是我区重点培育的新优势产业。《中华人民共和国数字经济促进法（专家建议稿）》的制定为我区发展数字经济提供了规范性、前瞻性的制度环境和全新机遇。会议强调，要始终把数字经济作为转型升级的关键增量 钟楼区政府2023年度第7次常务会议纪要 〔2023〕第7期 2023年7月28日上午，在区机关102会议室，区长李超鲲主","二〇二六年七月二十五日公开资料采集整理"
"270","区政府第22次常务会议纪要","2023-07-20","常州市天宁区人民政府网站","http://www.cztn.gov.cn/html/cztn/2023/CFHMLBAH_0720/30116.html","https://www.changzhou.gov.cn/gova/wjk.php?click=m2_2&dept_id=0&keytype=title&keyword=%E4%BC%9A%E8%AE%AE%E7%BA%AA%E8%A6%81&page=1&sel_year=0&tc_id=0&tc_name=&website=tianning","栏目链接标题含会议纪要","","正文结构命中","有效 内容概述： 2023年6月20日下午，区长张凯奇在天宁科技促进中心2306会议室，主持召开区政府第22次常务会议。纪要如下 区政府第22次常务会议纪要 202 3 年 6 月 20 日 下 午，区长张凯奇在天宁科技促进中心 2306 会议室，主持召开区政府第 22 次常务会议。纪要如下： 一 、会议审议了《关于成立天宁区优化营商环境工作领导小组内设环境建设协调组暨 推进 十大联合攻坚工程的通知》 会议认为，营商环境是重要的城市软实力和核心竞争力，优化营商环境，对于助力区域高质量发展有着至关重要的作用。打造特色鲜明的营商环境品牌，有助于进一步提升我区","二〇二六年七月二十五日公开资料采集整理"
"271","区政府第20次常务会议纪要","2023-07-19","常州市金坛区人民政府网站","http://www.jintan.gov.cn/html/czjt/2023/PAIHAQOE_0801/27341.html","https://www.changzhou.gov.cn/gova/wjk.php?click=m2_2&dept_id=0&keytype=title&keyword=%E4%BC%9A%E8%AE%AE%E7%BA%AA%E8%A6%81&page=1&sel_year=0&tc_id=0&tc_name=&website=jintan","栏目链接标题含会议纪要","","正文结构命中","废止日期 有效 内容概述 2023年7月14日下午，区长胥亚伟在市民中心B座一楼望华厅主持召开区政府第20次常务会议，现纪要如下：一、会议研究讨论了《常州市金坛区重大行政决策程序规定》会议认为，制定区级重大行政决策程序规定，是提升我区行政决策公信力和执行力的具体措施，也是推动法治政府建设的重要抓手。会议强调，各级各部门要强化思想认识，深刻理解规范重大行政决策程序的重要意义，严格遵守重大行政决策程序规定，善于运用法治方式谋划工作；要健 区政府第20次常务会议纪要 第8号 2023年7月14日下午，区长胥亚伟在市民中心B座一楼望华厅主持召开区政府第20次常","二〇二六年七月二十五日公开资料采集整理"
"272","钟楼区政府2023年度第6次常务会议纪要","2023-07-06","常州市钟楼区人民政府网站","http://www.zhonglou.gov.cn/html/czzl/2023/FPKLLMMN_1010/20794.html","https://www.changzhou.gov.cn/gova/wjk.php?click=m2_2&dept_id=0&keytype=title&keyword=%E4%BC%9A%E8%AE%AE%E7%BA%AA%E8%A6%81&page=1&sel_year=0&tc_id=0&tc_name=&website=zhonglou","栏目链接标题含会议纪要","","正文结构命中","有效 内容概述： 2023年6月30日上午，在区机关102会议室，区长李超鲲主持召开区政府2023年度第6次常务会议，现纪要如下：一、会议听取了关于全区食品安全工作暨省级食品安全示范区创建推进情况的汇报会议指出，创建省级食品安全示范区，是一项重要的民生工程、民心工程，也是造福钟楼人民群众的大事、好事。会议要求，各级各部门要深入学习贯彻习近平总书记关于食品安全工作的重要指示批示精神，严格落实“四个最严”要求，严格对照创建标准，扬优势 钟楼区政府2023年度第6次常务会议纪要 〔2023〕第6期 2023年6月30日上午，在区机关102会议室，区长李超鲲主","二〇二六年七月二十五日公开资料采集整理"
"273","区政府第21次常务会议纪要","2023-07-04","常州市天宁区人民政府网站","http://www.cztn.gov.cn/html/cztn/2023/CFHMLBAH_0704/29891.html","https://www.changzhou.gov.cn/gova/wjk.php?click=m2_2&dept_id=0&keytype=title&keyword=%E4%BC%9A%E8%AE%AE%E7%BA%AA%E8%A6%81&page=1&sel_year=0&tc_id=0&tc_name=&website=tianning","栏目链接标题含会议纪要","","正文结构命中","有效 内容概述： 2023年6月8日上午，区长张凯奇在天宁科技促进中心2306会议室，主持召开区政府第21次常务会议。纪要如下： 区政府第21次常务会议纪要 202 3 年 6 月 8 日 上 午，区长张凯奇在天宁科技促进中心 2306 会议室，主持召开区政府第 21 次常务会议。纪要如下： 一、 会议审议了《天宁区 “ 十四五 ” 规划中期评估实施方案》 会议认为，制定“十四五”规划中期评估实施方案是 全面客观评价区 “十四五”规划实施情况 、持续推动各项目标任务顺利实现的重要举措，对于指导 做好 “十五五”规划编制研究储备 、强化发展规划战略导向作","二〇二六年七月二十五日公开资料采集整理"
"274","区政府2023年第4次常务会议纪要","2023-06-12","常州经济开发区管理委员会网站","http://www.cznd.gov.cn/html/cznd/2023/KOPOKANH_0718/20969.html","https://www.changzhou.gov.cn/gova/wjk.php?click=m2_2&dept_id=0&keytype=title&keyword=%E4%BC%9A%E8%AE%AE%E7%BA%AA%E8%A6%81&page=1&sel_year=0&tc_id=0&tc_name=&website=xinbei","栏目链接标题含会议纪要","","正文结构命中","年第4次常务会议纪要 2023年6月2日下午，在区商务中心A座二楼求是厅，区长石旭涌主持召开区政府常务会议。现将会议内容纪要如下： （一） 会议传达学习了二十届中央财经委员会第一次会议精神。 会议强调，全区上下要进一步把握宏观政策导向，聚焦重点产业培育，加强关键核心技术攻关，加快建设以实体经济为支撑的现代化产业体系，进一步提升高新区产业发展质效和竞争力。要不断深化教育卫生事业改革，落实养老、育儿支持措施，加强人力资源开发利用，全方位培养、引进、用好人才，以人口高质量发展支撑高新区现代化建设走在更前列。 （二） 会议听取了区生态环境局关于《2023年新北区","二〇二六年七月二十五日公开资料采集整理"
"275","钟楼区政府2023年度第5次常务会议纪要","2023-06-08","常州市钟楼区人民政府网站","http://www.zhonglou.gov.cn/html/czzl/2023/FPKLLMMN_1010/20793.html","https://www.changzhou.gov.cn/gova/wjk.php?click=m2_2&dept_id=0&keytype=title&keyword=%E4%BC%9A%E8%AE%AE%E7%BA%AA%E8%A6%81&page=1&sel_year=0&tc_id=0&tc_name=&website=zhonglou","栏目链接标题含会议纪要","","正文结构命中","： 有效 内容概述： 2023年6月2日下午，在区机关102会议室，区长李超鲲主持召开区政府2023年度第5次常务会议，现纪要如下：一、会议集体学习了《江苏省中小企业促进条例》会议指出，中小企业遍布国民经济各个行业，在稳定经济、吸纳就业、促进创新等方面发挥着不可替代的作用。《江苏省中小企业促进条例》的出台，为维护中小企业合法权益、促进中小企业健康发展提供了更加有力的法制保障。会议强调，要加强对《江苏省中小企业促进条例》的学习宣传贯彻 钟楼区政府2023年度第5次常务会议纪要 〔2023〕第5期 2023年6月2日下午，在区机关102会议室，区长李超鲲主持","二〇二六年七月二十五日公开资料采集整理"
"276","区政府第17次常务会议纪要","2023-05-30","常州市武进区人民政府网站","http://www.wj.gov.cn/html/czwj/2023/BJLFPPJH_0614/73656.html","https://www.changzhou.gov.cn/gova/wjk.php?click=m2_2&dept_id=0&keytype=title&keyword=%E4%BC%9A%E8%AE%AE%E7%BA%AA%E8%A6%81&page=1&sel_year=0&tc_id=0&tc_name=&website=wujin","栏目链接标题含会议纪要","","正文结构命中","： 区政府第17次常务会议纪要 2023年5月9日下午，区长恽淇丞在区政府817会议室，主持召开区政府第17次常务会议，纪要如下： 一、集体学纪：《通报青海省6名党员领导干部严重违反中央八项规定精神问题》 会议强调，各级各部门要深入贯彻落实习近平总书记关于全面从严治党重要论述精神，持之以恒纠“四风”，严于律己、严负其责。要深刻汲取通报案件的教训，切实做到以案为鉴知敬畏、防微杜渐守底线，严守党的政治纪律和政治规矩。各级党组织主要负责同志要发挥好“头雁”效应，严于律己、以身作则，落实全面从严治党主体责任，做到廉政建设、作风建设与业务工作同步部署、同步实施。","二〇二六年七月二十五日公开资料采集整理"
"277","区政府第18次常务会议纪要","2023-05-26","常州市金坛区人民政府网站","http://www.jintan.gov.cn/html/czjt/2023/PAIHAQOE_0612/27111.html","https://www.changzhou.gov.cn/gova/wjk.php?click=m2_2&dept_id=0&keytype=title&keyword=%E4%BC%9A%E8%AE%AE%E7%BA%AA%E8%A6%81&page=1&sel_year=0&tc_id=0&tc_name=&website=jintan","栏目链接标题含会议纪要","","正文结构命中","内容概述 2023年5月24日下午，区委常委、常务副区长刘小平在市民中心A座8楼东会议室主持召开区政府第18次常务会议，现纪要如下：会议听取了关于2023年义务教育阶段部分学校施教区优化调整方案的情况汇报会议强调，制定出台《常州市金坛区2023年义务教育阶段部分学校施教区优化调整方案》（以下简称《调整方案》），目的是为了进一步推进我区义务教育优质均衡发展，优化教育资源合理配置，办好人民满意的教育。区教育局等有关单位要综合考虑生 区政府第18次常务会议纪要 第6号 2023年5月24日下午，区委常委、常务副区长刘小平在市民中心A座8楼东会议室主持召开区政府","二〇二六年七月二十五日公开资料采集整理"
"278","区政府第20次常务会议纪要","2023-05-26","常州市天宁区人民政府网站","http://www.cztn.gov.cn/html/cztn/2023/CFHMLBAH_0526/29650.html","https://www.changzhou.gov.cn/gova/wjk.php?click=m2_2&dept_id=0&keytype=title&keyword=%E4%BC%9A%E8%AE%AE%E7%BA%AA%E8%A6%81&page=1&sel_year=0&tc_id=0&tc_name=&website=tianning","栏目链接标题含会议纪要","","正文结构命中","有效 内容概述： 2023年5月11日上午，区长张凯奇在天宁科技促进中心2306会议室，主持召开区政府第20次常务会议。纪要如下： 区政府第20次常务会议纪要 202 3 年 5 月 1 1 日 上 午，区长张凯奇在天宁科技促进中心 2306 会议室，主持召开区政府第 20 次常务会议。纪要如下： 一 、会议审议了《 2023 年度天宁区政府重大行政决策事项目录》 会议认为，建立健全区政府重大决策程序，是提高 政府 决策质量和效率的现实需要，是建设法治政府的必然要求，也是推进治理体系和治理能力现代化的重要举措，有利于提升行政决策的公信力和执行力，促进依法","二〇二六年七月二十五日公开资料采集整理"
"279","钟楼区政府2023年度第4次常务会议纪要","2023-05-18","常州市钟楼区人民政府网站","http://www.zhonglou.gov.cn/html/czzl/2023/FPKLLMMN_0601/20165.html","https://www.changzhou.gov.cn/gova/wjk.php?click=m2_2&dept_id=0&keytype=title&keyword=%E4%BC%9A%E8%AE%AE%E7%BA%AA%E8%A6%81&page=1&sel_year=0&tc_id=0&tc_name=&website=zhonglou","栏目链接标题含会议纪要","","正文结构命中","有效 内容概述： 2023年5月10日下午，在区机关102会议室，区长李超鲲主持召开区政府2023年度第4次常务会议，现纪要如下：一、会议集体学习了常州市贯彻落实省统计督察反馈意见整改工作相关要求会议指出，统计督察是统计监督体系的重要组成部分，也是防范和惩治统计造假、弄虚作假的有效手段。会议要求，各级各部门要深入学习贯彻习近平总书记关于统计工作的重要讲话重要指示批示精神，扎实开展统计违纪违法警示教育，切实提升依法依规做好统计工作的 钟楼区政府2023年度第4次常务会议纪要 〔2023〕第4期 2023年5月10日下午，在区机关102会议室，区长李超鲲主","二〇二六年七月二十五日公开资料采集整理"
"280","区政府2023年第3次常务会议纪要","2023-05-04","常州经济开发区管理委员会网站","http://www.cznd.gov.cn/html/cznd/2023/KOPOKANH_0718/20968.html","https://www.changzhou.gov.cn/gova/wjk.php?click=m2_2&dept_id=0&keytype=title&keyword=%E4%BC%9A%E8%AE%AE%E7%BA%AA%E8%A6%81&page=1&sel_year=0&tc_id=0&tc_name=&website=xinbei","栏目链接标题含会议纪要","","正文结构命中","第3次常务会议纪要 2023年4月27日下午，在区商务中心A座二楼求是厅，区长石旭涌主持召开区政府常务会议。现将会议内容纪要如下： （一） 会议传达学习了二十届中央全面深化改革委员会第一次会议精神。 会议强调，全区上下要始终保持“必胜争一流”的改革追求，进一步强化改革思维，突出改革重点，紧紧围绕实体经济发展、城市更新建设、营商环境优化等改革重要领域和关键环节，狠抓任务落实，全力巩固提升各项工作成果，努力打造更多在全省乃至全国立得住、叫得响的改革品牌。 （二） 会议听取了区委政法委（司法局）关于《新北区2023年度重大行政决策事项目录（讨论稿）》（以下简称","二〇二六年七月二十五日公开资料采集整理"
"281","区政府第19次常务会议纪要","2023-05-03","常州市天宁区人民政府网站","http://www.cztn.gov.cn/html/cztn/2023/CFHMLBAH_0503/29292.html","https://www.changzhou.gov.cn/gova/wjk.php?click=m2_2&dept_id=0&keytype=title&keyword=%E4%BC%9A%E8%AE%AE%E7%BA%AA%E8%A6%81&page=1&sel_year=0&tc_id=0&tc_name=&website=tianning","栏目链接标题含会议纪要","","正文结构命中","有效 内容概述： 2023年4月6日上午，区长张凯奇在天宁科技促进中心2306会议室，主持召开区政府第19次常务会议。纪要如下： 区政府第19次常务会议纪要 2023年4月6日上午，区长张凯奇在天宁科技促进中心2306会议室，主持召开区政府第19次常务会议。纪要如下： 一、会议审议了《2023年度政府投资建设项目年度计划增补项目》 会议认为，政府投资建设项目是提升城市形象、改善人居环境的重要抓手，发挥着“稳增长、扩投资、促转型、惠民生”的支撑作用，必须高度重视，全力保障，规范管理。 会议要求：（1）科学增补。立足发展需要，保持审慎态度，坚持尽力而为与量","二〇二六年七月二十五日公开资料采集整理"
"282","区政府第16次常务会议纪要","2023-04-28","常州市武进区人民政府网站","http://www.wj.gov.cn/html/czwj/2023/BJLFPPJH_0523/73530.html","https://www.changzhou.gov.cn/gova/wjk.php?click=m2_2&dept_id=0&keytype=title&keyword=%E4%BC%9A%E8%AE%AE%E7%BA%AA%E8%A6%81&page=1&sel_year=0&tc_id=0&tc_name=&website=wujin","栏目链接标题含会议纪要","","正文结构命中","要 区政府第16次常务会议纪要 2023年4月7日下午，区长恽淇丞在区政府817会议室，主持召开区政府第16次常务会议，纪要如下： 一、集体学法：《常州市水生态环境保护条例》 会议指出，《常州市水生态环境保护条例》的制定，为水生态环境保护工作提供了全面系统的法治保障，为全区打好碧水攻坚战提供了法规支撑和具体指南。 会议强调，各地各部门要抓好学习贯彻，排查梳理水环境治理工作清单，聚焦重点难点深入攻坚，确保《条例》各项工作要求落实到位。要加强执法监管，用好生态环境行政执法手段，从严从快查处各类环境违法行为。要加大宣贯力度，精心组织宣传培训活动，推动《条例》进","二〇二六年七月二十五日公开资料采集整理"
"283","钟楼区政府2023年度第3次常务会议纪要","2023-04-11","常州市钟楼区人民政府网站","http://www.zhonglou.gov.cn/html/czzl/2023/FPKLLMMN_0601/20164.html","https://www.changzhou.gov.cn/gova/wjk.php?click=m2_2&dept_id=0&keytype=title&keyword=%E4%BC%9A%E8%AE%AE%E7%BA%AA%E8%A6%81&page=1&sel_year=0&tc_id=0&tc_name=&website=zhonglou","栏目链接标题含会议纪要","","正文结构命中","有效 内容概述： 2023年4月10日上午，在区机关815会议室，区长李超鲲主持召开区政府2023年度第3次常务会议，现纪要如下：一、会议审议了《钟楼区盘活存量资产实施方案》会议指出，有效盘活存量资产，是优化资产结构、降低债务风险的重要举措，也是扩大有效投资、实现经济稳进提质的重要抓手。会议强调，要聚焦重点方向，用足用好存量资产政策支持，不断优化盘活方式；要深挖资产价值，加强项目策划包装和投入力度，争创更多典型示范；要统筹专班推进 钟楼区政府2023年度第3次常务会议纪要 〔2023〕第3期 2023年4月10日上午，在区机关815会议室，区长李超鲲主","二〇二六年七月二十五日公开资料采集整理"
"284","区政府第15次常务会议纪要","2023-04-07","常州市武进区人民政府网站","http://www.wj.gov.cn/html/czwj/2023/BJLFPPJH_0418/73356.html","https://www.changzhou.gov.cn/gova/wjk.php?click=m2_2&dept_id=0&keytype=title&keyword=%E4%BC%9A%E8%AE%AE%E7%BA%AA%E8%A6%81&page=1&sel_year=0&tc_id=0&tc_name=&website=wujin","栏目链接标题含会议纪要","","正文结构命中","区政府第15次常务会议纪要 2023年3月21日下午，区长恽淇丞在区政府817会议室，主持召开区政府第15次常务会议，纪要如下： 一、集体学纪：《中国共产党处分违纪党员批准权限和程序规定》 会议指出，制定《中国共产党处分违纪党员批准权限和程序规定》对深入贯彻全面从严治党、深入推进依规治党具有重要意义。各级各部门要系统学习、全面领会，明确职责权限，规范工作程序，有效保障执纪执法贯通衔接，自觉维护党规党纪权威；要全面加强党的纪律建设，不断提高“三不腐”一体推进综合效能，为高质量发展提供坚强纪律保障。 二、会议传达了全省重点行业领域安全生产风险专项整治巩固提","二〇二六年七月二十五日公开资料采集整理"
"285","区政府第18次常务会议纪要","2023-03-31","常州市天宁区人民政府网站","http://www.cztn.gov.cn/html/cztn/2023/CFHMLBAH_0331/29291.html","https://www.changzhou.gov.cn/gova/wjk.php?click=m2_2&dept_id=0&keytype=title&keyword=%E4%BC%9A%E8%AE%AE%E7%BA%AA%E8%A6%81&page=1&sel_year=0&tc_id=0&tc_name=&website=tianning","栏目链接标题含会议纪要","","正文结构命中","有效 内容概述： 2023年3月16日下午，区长张凯奇在天宁科技促进中心2306会议室，主持召开区政府第18次常务会议。纪要如下： 区政府第18次常务会议纪要 2023 年 3 月 16 日 下 午，区长张凯奇在天宁科技促进中心 2306 会议室，主持召开区政府第 18 次常务会议。纪要如下： 一、 会议审议了 《天宁区 2023 年度重大项目目标任务分解表》《天宁区 2023 年重点项目投资计划》 会议认为，重大项目是稳增长、调结构、惠民生，促进经济社会高质量发展的重要抓手，谋划好、调度好、推动好全年的重大项目工作至关重要。 会议要求： （ 1 ）明确","二〇二六年七月二十五日公开资料采集整理"
"286","区政府2023年第2次常务会议纪要","2023-03-29","常州经济开发区管理委员会网站","http://www.cznd.gov.cn/html/cznd/2023/KOPOKANH_0509/20812.html","https://www.changzhou.gov.cn/gova/wjk.php?click=m2_2&dept_id=0&keytype=title&keyword=%E4%BC%9A%E8%AE%AE%E7%BA%AA%E8%A6%81&page=1&sel_year=0&tc_id=0&tc_name=&website=xinbei","栏目链接标题含会议纪要","","正文结构命中","第2次常务会议纪要 2023年3月22日上午，在区商务中心A座二楼求是厅，区长石旭涌主持召开区政府常务会议。现将会议内容纪要如下： （一） 会议传达学习了全国两会精神和习近平总书记在参加江苏代表团审议时的重要讲话精神。 会议强调，政府系统要深刻领悟、强化执行，以实际行动争当高质量发展的排头兵。要着力构建现代化产业体系、科技创新体系，不断提升产业综合竞争力。要深度融入长三角一体化发展，提升开放型经济发展水平，打造对外开放高地。要发展高水平农业，打造优质农产品品牌，守牢粮食安全底线，推动乡村高质量振兴。要坚持人民为中心的发展思想，致力为群众打造共同富裕的高品","二〇二六年七月二十五日公开资料采集整理"
"287","区政府第17次常务会议纪要","2023-03-20","常州市天宁区人民政府网站","http://www.cztn.gov.cn/html/cztn/2023/CFHMLBAH_0320/28891.html","https://www.changzhou.gov.cn/gova/wjk.php?click=m2_2&dept_id=0&keytype=title&keyword=%E4%BC%9A%E8%AE%AE%E7%BA%AA%E8%A6%81&page=1&sel_year=0&tc_id=0&tc_name=&website=tianning","栏目链接标题含会议纪要","","正文结构命中","有效 内容概述： 2023年3月1日下午，区长张凯奇在天宁科技促进中心2306会议室，主持召开区政府第17次常务会议。纪要如下： 区政府第17次常务会议纪要 2023 年 3 月 1 日 下 午，区长张凯奇在天宁科技促进中心 2306 会议室，主持召开区政府第 17 次常务会议。纪要如下： 一 、会议审议了《天宁区 2023 年政府工作报告责任分解落实方案》和《天宁区 2023 年民生实事责任分解落实方案》 会议认为， 2023 年是全面学习贯彻落实党的二十大精神的开局之年，也是推进 “ 十四五 ” 发展的关键一年，做好政府工作报告和民生实事的分解落实","二〇二六年七月二十五日公开资料采集整理"
"288","区政府第14次常务会议纪要","2023-03-03","常州市武进区人民政府网站","http://www.wj.gov.cn/html/czwj/2023/BJLFPPJH_0307/73028.html","https://www.changzhou.gov.cn/gova/wjk.php?click=m2_2&dept_id=0&keytype=title&keyword=%E4%BC%9A%E8%AE%AE%E7%BA%AA%E8%A6%81&page=1&sel_year=0&tc_id=0&tc_name=&website=wujin","栏目链接标题含会议纪要","","正文结构命中","区政府第14次常务会议纪要 2023年2月13日下午，区长恽淇丞在区政府817会议室，主持召开区政府第14次常务会议，纪要如下： 一、集体学法：《促进个体工商户发展条例》 会议指出，《促进个体工商户发展条例》是国务院坚持和完善中国特色社会主义基本经济制度，坚持“两个毫不动摇”，落实“放管服”改革作出的有针对性的制度安排，对促进个体工商户健康发展具有重要意义。 会议强调，过去几年，疫情给经济运行带来较大冲击，个体工商户规模小、资金压力大，受疫情冲击尤其严重。各地各部门要认真学习《促进个体工商户发展条例》，全面理解、准确把握《条例》精神和具体规定，深入领会","二〇二六年七月二十五日公开资料采集整理"
"289","区政府第16次常务会议纪要","2023-03-02","常州市天宁区人民政府网站","http://www.cztn.gov.cn/html/cztn/2023/CFHMLBAH_0302/28869.html","https://www.changzhou.gov.cn/gova/wjk.php?click=m2_2&dept_id=0&keytype=title&keyword=%E4%BC%9A%E8%AE%AE%E7%BA%AA%E8%A6%81&page=1&sel_year=0&tc_id=0&tc_name=&website=tianning","栏目链接标题含会议纪要","","正文结构命中","有效 内容概述： 2023年1月17日下午，区长张凯奇在天宁科技促进中心2306会议室，主持召开区政府第16次常务会议。纪要如下： 区政府第16次常务会议纪要 2023 年 1 月 17 日 下 午，区长张凯奇在天宁科技促进中心 2306 会议室，主持召开区政府第 16 次常务会议。纪要如下： 一、 会议审议了《天宁区 营商环境优化提升暨产业发展大会 方案》 会议认为，召开营商环境优化提升暨产业发展大会，是深入贯彻党的二十大精神，落实全市新能源之都建设推进大会决策部署，进一步动员全区上下敢字为先、干字当头，以更强的决心、更大的力度、更实的举措、更优的服务","二〇二六年七月二十五日公开资料采集整理"
"290","钟楼区政府2023年度第2次常务会议纪要","2023-02-28","常州市钟楼区人民政府网站","http://www.zhonglou.gov.cn/html/czzl/2023/FPKLLMMN_0601/20163.html","https://www.changzhou.gov.cn/gova/wjk.php?click=m2_2&dept_id=0&keytype=title&keyword=%E4%BC%9A%E8%AE%AE%E7%BA%AA%E8%A6%81&page=1&sel_year=0&tc_id=0&tc_name=&website=zhonglou","栏目链接标题含会议纪要","","正文结构命中","有效 内容概述： 2023年2月21日上午，在区机关815会议室，区长李超鲲主持召开区政府2023年度第2次常务会议，现纪要如下：一、会议审议了《钟楼区安全生产委员会2023年工作要点》会议指出，做好安全生产工作是深入贯彻落实党的二十大精神和习近平总书记关于安全生产重要论述，更好统筹发展和安全的重要体现。会议要求，要坚持问题导向，加强对危险化学品、交通、消防、建筑施工、自建房、燃气、冶金工贸等重点行业领域的安全监管，着力防范化解重大安 钟楼区政府2023年度第2次常务会议纪要 〔2023〕第2期 2023年2月21日上午，在区机关815会议室，区长李超","二〇二六年七月二十五日公开资料采集整理"
"291","区政府第13次常务会议纪要","2023-02-01","常州市武进区人民政府网站","http://www.wj.gov.cn/html/czwj/2023/BJLFPPJH_0209/72903.html","https://www.changzhou.gov.cn/gova/wjk.php?click=m2_2&dept_id=0&keytype=title&keyword=%E4%BC%9A%E8%AE%AE%E7%BA%AA%E8%A6%81&page=1&sel_year=0&tc_id=0&tc_name=&website=wujin","栏目链接标题含会议纪要","","正文结构命中","区政府第13次常务会议纪要 2023年1月11日下午，区长恽淇丞在区政府817会议室，主持召开区政府第13次常务会议，纪要如下： 一、集体学纪：中央纪委国家监委第三批执纪执法指导性案例 会议指出，实施容错免责机制，有利于保护和激发广大干部干事创业的积极性、主动性、创造性。纪检监察机关要把握追责问责与容错纠错关系，提升精准把握执纪执法标准和运用政策策略能力，坚持宽严相济、容纠并举，营造干事创业良好氛围。要一以贯之坚持“严”的主基调，以严实作风落实全面从严治党主体责任，坚决防范不正之风和腐败问题。 二、会议听取了关于武进区人民政府与南京大学共建“武进南京大","二〇二六年七月二十五日公开资料采集整理"
"292","区政府第15次常务会议纪要","2023-01-20","常州市天宁区人民政府网站","http://www.cztn.gov.cn/html/cztn/2023/CFHMLBAH_0120/28352.html","https://www.changzhou.gov.cn/gova/wjk.php?click=m2_2&dept_id=0&keytype=title&keyword=%E4%BC%9A%E8%AE%AE%E7%BA%AA%E8%A6%81&page=1&sel_year=0&tc_id=0&tc_name=&website=tianning","栏目链接标题含会议纪要","","正文结构命中","效 内容概述： 2022年12月22日下午，区长张凯奇在天宁科技促进中心2306会议室，主持召开区政府第15次常务会议。纪要如下： 区政府第15次常务会议纪要 2022 年 12 月 22 日下午，区长张凯奇在天宁科技促进中心 2306 会议室，主持召开区政府第 15 次常务会议。纪要如下： 一、会议审议了《 天宁区人民 政府工作 报告 》 《 2023 年天宁区 民生实事候选项目 》 会议认为，《天宁区人民政府工作报告》是全区上下集思广益、凝聚众智的结晶，报告全面客观地总结回顾了 2022 年工作，成效突出、亮点纷呈、振奋人心；对 2023 年工作部署","二〇二六年七月二十五日公开资料采集整理"
"293","钟楼区政府2023年度第1次常务会议纪要","2023-01-16","常州市钟楼区人民政府网站","http://www.zhonglou.gov.cn/html/czzl/2023/FPKLLMMN_0601/20161.html","https://www.changzhou.gov.cn/gova/wjk.php?click=m2_2&dept_id=0&keytype=title&keyword=%E4%BC%9A%E8%AE%AE%E7%BA%AA%E8%A6%81&page=1&sel_year=0&tc_id=0&tc_name=&website=zhonglou","栏目链接标题含会议纪要","","正文结构命中","有效 内容概述： 2023年1月12日下午，在区机关815会议室，区长李超鲲主持召开区政府2023年度第1次常务会议，现纪要如下：一、会议集体学习了《中华人民共和国统计法》会议指出，做好统计工作，是全面实施依法治国方略、建设法治政府的需要。各级各部门要提高政治站位，全面深入贯彻落实党的二十大精神和习近平总书记对统计工作重要指示批示精神，认真落实党中央国务院和省市区关于统计工作决策部署，牢固树立正确的发展观、政绩观。会议强调，要认真 钟楼区政府2023年度第1次常务会议纪要 〔2023〕第1期 2023年1月12日下午，在区机关815会议室，区长李超鲲主","二〇二六年七月二十五日公开资料采集整理"
"294","区政府第12次常务会议纪要","2023-01-13","常州市武进区人民政府网站","http://www.wj.gov.cn/html/czwj/2023/BJLFPPJH_0209/72902.html","https://www.changzhou.gov.cn/gova/wjk.php?click=m2_2&dept_id=0&keytype=title&keyword=%E4%BC%9A%E8%AE%AE%E7%BA%AA%E8%A6%81&page=1&sel_year=0&tc_id=0&tc_name=&website=wujin","栏目链接标题含会议纪要","","正文结构命中","区政府第12次常务会议纪要 2022年12月26日上午，区长恽淇丞在区政府817会议室，主持召开区政府第12次常务会议，纪要如下： 一、会议审议了《武进区“十四五”太湖流域水环境综合治理规划》 会议指出，今年我区水环境质量持续向好，重点任务、重点项目推进成效显著，“水韵武进”特质愈发彰显。下一步，要将《规划》落实到具体工作上，持续抓好水环境综合治理。 会议强调，各地各部门要切实抓好《规划》落实，坚持高标准控源截污，追根溯源、系统治理，有效解决农村生活污水和农业面源污染问题。要坚持综合施策，统筹抓好水环境质量提升、水生态保护与修复、水资源利用、治理能力提升","二〇二六年七月二十五日公开资料采集整理"
"295","区政府第11次常务会议纪要","2023-01-13","常州市武进区人民政府网站","http://www.wj.gov.cn/html/czwj/2023/BJLFPPJH_0209/72901.html","https://www.changzhou.gov.cn/gova/wjk.php?click=m2_2&dept_id=0&keytype=title&keyword=%E4%BC%9A%E8%AE%AE%E7%BA%AA%E8%A6%81&page=1&sel_year=0&tc_id=0&tc_name=&website=wujin","栏目链接标题含会议纪要","","正文结构命中","区政府第11次常务会议纪要 2022年12月21日下午，区长恽淇丞在区政府817会议室，主持召开区政府第11次常务会议，纪要如下： 一、集体学法：《中华人民共和国农产品质量安全法》 会议指出，农产品质量安全事关人民生活和社会稳定。新修订的《农产品质量安全法》对于有效保障农产品质量安全、维护公众健康具有重要意义。区农业农村局等相关部门要坚持预防为主、风险管理、源头治理、全程控制原则，强化科技支撑、严格依法监管、推进社会共治，不断提高生产经营者责任意识和农产品质量安全管理水平，推动农产品质量安全工作迈上新台阶。 二、会议审议了《 武进区关于加快推进质量品牌和","二〇二六年七月二十五日公开资料采集整理"
"296","区政府2023年第1次常务会议纪要","2023-01-13","常州经济开发区管理委员会网站","http://www.cznd.gov.cn/html/cznd/2023/KOPOKANH_0425/20791.html","https://www.changzhou.gov.cn/gova/wjk.php?click=m2_2&dept_id=0&keytype=title&keyword=%E4%BC%9A%E8%AE%AE%E7%BA%AA%E8%A6%81&page=1&sel_year=0&tc_id=0&tc_name=&website=xinbei","栏目链接标题含会议纪要","","正文结构命中","第1次常务会议纪要 2023年1月11日下午，在区商务中心A座二楼求是厅，区长石旭涌主持召开区政府常务会议。现将会议内容纪要如下： （一） 会议传达学习了习近平总书记署名文章《谱写新时代中国宪法实践新篇章——纪念现行宪法公布施行40周年》。 会议强调，全区上下要深入践行习近平法治思想，强化宪法意识，切实增强贯彻实施宪法的高度自觉。要坚持科学、民主、依法决策施策，切实提高依法行政能力。要扎实做好宪法实施和监督相关工作，深入开展“八五”普法，引导各级领导干部依法履职、秉公用权、廉洁从政，推动法治政府建设再上新水平。 （二） 会议听取了区农业农村局关于《常州市","二〇二六年七月二十五日公开资料采集整理"
"297","区政府第14次常务会议纪要","2022-12-22","常州市天宁区人民政府网站","http://www.cztn.gov.cn/html/cztn/2022/CFHMLBAH_1230/27956.html","https://www.changzhou.gov.cn/gova/wjk.php?click=m2_2&dept_id=0&keytype=title&keyword=%E4%BC%9A%E8%AE%AE%E7%BA%AA%E8%A6%81&page=1&sel_year=0&tc_id=0&tc_name=&website=tianning","栏目链接标题含会议纪要","","正文结构命中","效 内容概述： 2022年11月24日下午，区长张凯奇在天宁科技促进中心2306会议室，主持召开区政府第14次常务会议。纪要如下 区政府第14次常务会议纪要 2022 年 1 1 月 24 日 下 午，区长张凯奇在天宁科技促进中心 2306 会议室，主持召开区政府第 14 次常务会议。纪要如下： 一、 会议审议了《天宁区政府数字化转型工作实施方案》 会议认为， 数字政府建设是大势所趋、发展所向、时代所需，有助于加快推动治理模式创新、治理方式重塑和治理体系优化，全面提升政府效能。 会议强调： （ 1）坚持系统观念。 统筹推进 “一网通办”“一网统管”“一网","二〇二六年七月二十五日公开资料采集整理"
"298","钟楼区政府2022年度第11次常务会议纪要","2022-12-14","常州市钟楼区人民政府网站","http://www.zhonglou.gov.cn/html/czzl/2023/FPKLLMMN_0114/19500.html","https://www.changzhou.gov.cn/gova/wjk.php?click=m2_2&dept_id=0&keytype=title&keyword=%E4%BC%9A%E8%AE%AE%E7%BA%AA%E8%A6%81&page=1&sel_year=0&tc_id=0&tc_name=&website=zhonglou","栏目链接标题含会议纪要","","正文结构命中","效 内容概述： 2022年12月14日下午，在区机关102会议室，区长李超鲲主持召开区政府2022年度第11次常务会议，现纪要如下：一、会议听取了北港街道办事处关于租用办公用房的情况汇报会议要求，北港街道要严格落实省市区关于使用办公用房的相关规定，抓紧办理相关手续，及时做好信息发布，确保驻地迁移工作合法、有序开展；区机关事务管理中心要加强统一管理和统筹调剂，积极指导配合北港街道稳步做好后续工作。会议原则同意北港街道办事处关于租用星 钟楼区政府2022年度第11次常务会议纪要 〔2022〕第11期 2022年12月14日下午，在区机关102会议室，区长李超","二〇二六年七月二十五日公开资料采集整理"
"299","区政府第10次常务会议纪要","2022-12-05","常州市武进区人民政府网站","http://www.wj.gov.cn/html/czwj/2022/BJLFPPJH_1209/72410.html","https://www.changzhou.gov.cn/gova/wjk.php?click=m2_2&dept_id=0&keytype=title&keyword=%E4%BC%9A%E8%AE%AE%E7%BA%AA%E8%A6%81&page=1&sel_year=0&tc_id=0&tc_name=&website=wujin","栏目链接标题含会议纪要","","正文结构命中","区政府第10次常务会议纪要 2022年11月22日上午，区长恽淇丞在区政府817会议室，主持召开区政府第10次常务会议，纪要如下： 一、集体学纪：《关于贯彻党的二十大部署要求 锲而不舍落实中央八项规定精神深化纠治“四风”工作的意见》 会议指出，党的二十大对锲而不舍落实中央八项规定精神作出新部署。中央八项规定是长期有效的铁规矩、硬杠杠，我们必须不折不扣遵守好、落实好。各级各部门要提高思想认识，抓住“关键少数”以上率下，持续深化纠治“四风”，常态化查摆整改存在的形式主义、官僚主义问题，坚决落实中央八项规定精神，优化务实高效的工作作风。纪检监察机关要深刻把握作","二〇二六年七月二十五日公开资料采集整理"
"300","区政府第13次常务会议纪要","2022-11-11","常州市天宁区人民政府网站","http://www.cztn.gov.cn/html/cztn/2022/CFHMLBAH_1114/27614.html","https://www.changzhou.gov.cn/gova/wjk.php?click=m2_2&dept_id=0&keytype=title&keyword=%E4%BC%9A%E8%AE%AE%E7%BA%AA%E8%A6%81&page=1&sel_year=0&tc_id=0&tc_name=&website=tianning","栏目链接标题含会议纪要","","正文结构命中","效 内容概述： 2022年10月21日上午，区长张凯奇在天宁科技促进中心2306会议室，主持召开区政府第13次常务会议。纪要如下： 区政府第13次常务会议纪要 2022 年 10 月 21 日 上 午，区长张凯奇在天宁科技促进中心 2306 会议室，主持召开区政府第 13 次常务会议。纪要如下： 一、 会议审议了《常州市天宁区关于乡村振兴相关政策和资金审计中发现问题后续整改结果的报告》 会议认为，乡村振兴相关政策和资金审计是对我区全面推进乡村振兴战略的一次系统性问诊，必须立行立改、巩固成效。 会议要求，各相关单位要切实将审计整改作为推动落实的有效抓手，一","二〇二六年七月二十五日公开资料采集整理"
"301","区政府第9次常务会议纪要","2022-11-07","常州市武进区人民政府网站","http://www.wj.gov.cn/html/czwj/2022/BJLFPPJH_1118/72249.html","https://www.changzhou.gov.cn/gova/wjk.php?click=m2_2&dept_id=0&keytype=title&keyword=%E4%BC%9A%E8%AE%AE%E7%BA%AA%E8%A6%81&page=1&sel_year=0&tc_id=0&tc_name=&website=wujin","栏目链接标题含会议纪要","","正文结构命中","： 区政府第9次常务会议纪要 2022年10月26日上午，区长恽淇丞在区政府817会议室，主持召开区政府第9次常务会议，纪要如下： 一、集体学法：《江苏省土壤污染防治条例》 会议指出，《江苏省土壤污染防治条例》的制定出台，是深入践行习近平生态文明思想、落实土壤污染防治的关键举措，对打好净土保卫战具有重要意义。各级各部门要加强对《条例》的学习理解，高度重视、落实责任，形成齐抓共管、协作治土的良好局面。要突出重点，切实强化对《条例》明确的12个重点行业的监管，重点关注化工园区、化工企业关闭搬迁遗留地块的土壤污染防治问题。要坚持源头管控，及时梳排土壤污染重点监","二〇二六年七月二十五日公开资料采集整理"
"302","区政府2022年第9次常务会议纪要","2022-11-04","常州经济开发区管理委员会网站","http://www.cznd.gov.cn/html/cznd/2022/KOPOKANH_1213/20496.html","https://www.changzhou.gov.cn/gova/wjk.php?click=m2_2&dept_id=0&keytype=title&keyword=%E4%BC%9A%E8%AE%AE%E7%BA%AA%E8%A6%81&page=1&sel_year=0&tc_id=0&tc_name=&website=xinbei","栏目链接标题含会议纪要","","正文结构命中","次常务会议纪要 2022年11月1日下午，在区商务中心A座二楼求是厅，代理区长石旭涌主持召开区政府常务会议。现将会议内容纪要如下： （一） 会议学习交流了党的二十大精神。 会议强调，政府系统要迅速掀起学习贯彻党的二十大精神热潮，深刻领悟核心要义，以习近平新时代中国特色社会主义思想武装头脑、指导工作。要以贯彻落实党的二十大精神为引领，全面抓好经济发展、科技创新、城乡建设、社会民生、综合治理等工作，拼搏实干、攻坚争先，以高质量发展成果检验学习贯彻实效。要把全面从严治党、推进自我革命的要求落实到政府工作和自身建设各方面、全过程，着力建设廉洁政府、法治政府、高效","二〇二六年七月二十五日公开资料采集整理"
"303","区政府第8次常务会议纪要","2022-10-20","常州市武进区人民政府网站","http://www.wj.gov.cn/html/czwj/2022/BJLFPPJH_1102/72138.html","https://www.changzhou.gov.cn/gova/wjk.php?click=m2_2&dept_id=0&keytype=title&keyword=%E4%BC%9A%E8%AE%AE%E7%BA%AA%E8%A6%81&page=1&sel_year=0&tc_id=0&tc_name=&website=wujin","栏目链接标题含会议纪要","","正文结构命中","读： 区政府第8次常务会议纪要 2022年9月22日上午，区长恽淇丞在区政府817会议室，主持召开区政府第8次常务会议，纪要如下： 一、集体学纪：《纪检监察机关派驻机构工作规则》 会议指出，《工作规则》作为一部全面规范纪检监察机关派驻机构工作的基础性党内法规，对坚持和完善党和国家监督体系、推进全面从严治党向纵深发展具有重要意义。 会议强调，各级各部门要加强对《工作规则》的学习和理解，增强自觉接受监督的意识，支持配合派驻机构工作。纪委监委各派驻机构要根据部门职责任务，制定工作清单，明确重点监督事项，引导指导部门开展工作；要融入部门业务，强化近距离常态化监督","二〇二六年七月二十五日公开资料采集整理"
"304","区政府第12次常务会议纪要","2022-10-13","常州市天宁区人民政府网站","http://www.cztn.gov.cn/html/cztn/2022/CFHMLBAH_1102/27521.html","https://www.changzhou.gov.cn/gova/wjk.php?click=m2_2&dept_id=0&keytype=title&keyword=%E4%BC%9A%E8%AE%AE%E7%BA%AA%E8%A6%81&page=1&sel_year=0&tc_id=0&tc_name=&website=tianning","栏目链接标题含会议纪要","","正文结构命中","有效 内容概述： 2022年9月29日上午，区长张凯奇在天宁科技促进中心2306会议室，主持召开区政府第12次常务会议。纪要如下： 区政府第12次常务会议纪要 2022 年 9 月 29 日 上 午，区长张凯奇在天宁科技促进中心 2306 会议室，主持召开区政府第 12 次常务会议。纪要如下： 一 、会议审议了《天宁区加快推进供应链金融创新与应用的指导意见》 会议认为，金融是经济的血液，强化金融对产业链供应链的支持，有利于提升产业链整体竞争力，也将进一步促进全区产业补链、固链、强链。 会议明确， （ 1 ）强化组织领导。 建立健全供应链金融服务协调沟通机","二〇二六年七月二十五日公开资料采集整理"
"305","区政府2022年第8次常务会议纪要","2022-09-30","常州经济开发区管理委员会网站","http://www.cznd.gov.cn/html/cznd/2022/KOPOKANH_1114/20435.html","https://www.changzhou.gov.cn/gova/wjk.php?click=m2_2&dept_id=0&keytype=title&keyword=%E4%BC%9A%E8%AE%AE%E7%BA%AA%E8%A6%81&page=1&sel_year=0&tc_id=0&tc_name=&website=xinbei","栏目链接标题含会议纪要","","正文结构命中","次常务会议纪要 2022年9月27日上午，在区商务中心A座二楼求是厅，代理区长石旭涌主持召开区政府常务会议。现将会议内容纪要如下： （一） 会议传达学习了9月9日中共中央政治局会议精神。 会议强调，全区上下要认真对标对表，抓好贯彻落实。要坚决贯彻落实“疫情要防住、经济要稳住、发展要安全”重大要求，紧紧围绕迎接、学习和宣传贯彻党的二十大这条主线，以昂扬的精神、奋进的姿态，扎实做好各项工作。要以“钉钉子”精神抓作风，严格执行中央八项规定及其实施细则精神，落实“一岗双责”，加强以案促改、以案促治，不断巩固拓展作风建设成效，为冲刺全年经济社会发展目标提供坚强作风","二〇二六年七月二十五日公开资料采集整理"
"306","区政府第11次常务会议纪要","2022-09-14","常州市天宁区人民政府网站","http://www.cztn.gov.cn/html/cztn/2022/CFHMLBAH_0920/27204.html","https://www.changzhou.gov.cn/gova/wjk.php?click=m2_2&dept_id=0&keytype=title&keyword=%E4%BC%9A%E8%AE%AE%E7%BA%AA%E8%A6%81&page=1&sel_year=0&tc_id=0&tc_name=&website=tianning","栏目链接标题含会议纪要","","正文结构命中","有效 内容概述： 2022年8月23日上午，区长张凯奇在天宁科技促进中心2306会议室，主持召开区政府第11次常务会议。纪要如下： 区政府第11次常务会议纪要 2022 年 8 月 23 日上午，区长张凯奇在天宁科技促进中心 2306 会议室，主持召开区政府第 11 次常务会议。纪要如下： 一、 会议审议了 《 关于天宁区公办义务教育学校吸纳简易学校学生就读的实施方案 》 会议认为，实施公办义务教育学校吸纳简易学校学生就读，是教育为民的内在要求，也是教育发展从 “ 有没有 ” 向 “ 好不好 ” 转变 的重要体现，对于推动教育治理能力现代化和促进全区义务","二〇二六年七月二十五日公开资料采集整理"
"307","区政府第7次常务会议纪要","2022-09-13","常州市武进区人民政府网站","http://www.wj.gov.cn/html/czwj/2022/BJLFPPJH_0919/71848.html","https://www.changzhou.gov.cn/gova/wjk.php?click=m2_2&dept_id=0&keytype=title&keyword=%E4%BC%9A%E8%AE%AE%E7%BA%AA%E8%A6%81&page=1&sel_year=0&tc_id=0&tc_name=&website=wujin","栏目链接标题含会议纪要","","正文结构命中","读： 区政府第7次常务会议纪要 2022年8月25日上午，区长恽淇丞在区政府817会议室，主持召开区政府第7次常务会议，纪要如下： 一、集体学法：《江苏省保护和促进香港澳门投资条例》 会议指出，《江苏省保护和促进香港澳门投资条例》对进一步优化投资环境、深化苏港澳经贸合作、促进开放型经济健康发展具有重要作用。 会议强调，各地各部门要认真学习领会，深入贯彻落实，引导广大投资者积极参与先进制造业集群和优势产业链建设，保障投资者合法权益，落实国家对市场主体的优惠政策和措施，推动形成开放型经济发展新局面。 二、会议听取了关于武进区人民政府与南京大学共建“未来技术创","二〇二六年七月二十五日公开资料采集整理"
"308","钟楼区政府2022年度第9次常务会议纪要","2022-09-06","常州市钟楼区人民政府网站","http://www.zhonglou.gov.cn/html/czzl/2022/FPKLLMMN_1105/18995.html","https://www.changzhou.gov.cn/gova/wjk.php?click=m2_2&dept_id=0&keytype=title&keyword=%E4%BC%9A%E8%AE%AE%E7%BA%AA%E8%A6%81&page=1&sel_year=0&tc_id=0&tc_name=&website=zhonglou","栏目链接标题含会议纪要","","正文结构命中","： 有效 内容概述： 2022年9月3日上午，在区机关815会议室，区长李超鲲主持召开区政府2022年度第9次常务会议，现纪要如下：一、会议集体学习了《钟楼区GDP核算形势与问题分析》会议指出，GDP是国民经济的晴雨表，也是衡量地区经济状况和发展水平的重要依据。会议要求，各级各部门要对照讲课内容，深入学习研究，不断提升GDP核算工作的精准性、协同性、有效性、科学性，确保真实反映全区经济高质量发展水平。二、会议集体学习了《行政处罚权下放对基层行 钟楼区政府2022年度第9次常务会议纪要 〔2022〕第9期 2022年9月3日上午，在区机关815会议室，区长","二〇二六年七月二十五日公开资料采集整理"
"309","区政府2022年第7次常务会议纪要","2022-09-06","常州经济开发区管理委员会网站","http://www.cznd.gov.cn/html/cznd/2022/KOPOKANH_1114/20434.html","https://www.changzhou.gov.cn/gova/wjk.php?click=m2_2&dept_id=0&keytype=title&keyword=%E4%BC%9A%E8%AE%AE%E7%BA%AA%E8%A6%81&page=1&sel_year=0&tc_id=0&tc_name=&website=xinbei","栏目链接标题含会议纪要","","正文结构命中","次常务会议纪要 2022年8月25日上午，在区商务中心A座二楼求是厅，代理区长石旭涌主持召开区政府常务会议。现将会议内容纪要如下： （一） 会议传达学习了7月28日中共中央政治局会议精神。 会议强调，全区上下要全面对标对表，逐项抓好落实。要毫不动摇坚持“外防输入、内防反弹”总策略和“动态清零”总方针，守牢疫情防线。要奋战三季度，积极抢抓不断释放的财政、金融等政策机遇，落实好稳经济一揽子政策措施。要坚持把“保安全”摆在突出位置，坚决防范和遏制重特大安全事故发生。要加大稳就业力度，全心全意办好民生实事。要充分调动广大干部群众的积极性，发挥好广大企业和企业家的","二〇二六年七月二十五日公开资料采集整理"
"310","区政府第10次常务会议纪要","2022-08-12","常州市天宁区人民政府网站","http://www.cztn.gov.cn/html/cztn/2022/CFHMLBAH_0812/27170.html","https://www.changzhou.gov.cn/gova/wjk.php?click=m2_2&dept_id=0&keytype=title&keyword=%E4%BC%9A%E8%AE%AE%E7%BA%AA%E8%A6%81&page=1&sel_year=0&tc_id=0&tc_name=&website=tianning","栏目链接标题含会议纪要","","正文结构命中","有效 内容概述： 2022年8月5日下午，区长张凯奇在天宁科技促进中心2306会议室，主持召开区政府第10次常务会议。纪要如下： 区政府第10次常务会议纪要 2022 年 8 月 5 日 下 午，区长张凯奇在天宁科技促进中心 2306 会议室，主持召开区政府第 10 次常务会议。纪要如下： 一、 会议审议了《 天宁区 2 022年打造一流营商环境重点任务清单 》 会议认为，打造一流营商环境，是激发市场主体活力的关键，是展示政府服务效能的窗口，更是推进市 委 “532” 发展战略和区 委 “3511” 工作部署、打造 “ 长三角三新经济高地、现代化城乡治","二〇二六年七月二十五日公开资料采集整理"
"311","钟楼区政府2022年度第8次常务会议纪要","2022-08-10","常州市钟楼区人民政府网站","http://www.zhonglou.gov.cn/html/czzl/2022/FPKLLMMN_1105/18994.html","https://www.changzhou.gov.cn/gova/wjk.php?click=m2_2&dept_id=0&keytype=title&keyword=%E4%BC%9A%E8%AE%AE%E7%BA%AA%E8%A6%81&page=1&sel_year=0&tc_id=0&tc_name=&website=zhonglou","栏目链接标题含会议纪要","","正文结构命中","： 有效 内容概述： 2022年8月6日上午，在区机关815会议室，区长李超鲲主持召开区政府2022年度第8次常务会议，现纪要如下：一、会议审议了《关于2022年度钟楼区国民经济和社会发展计划调整的报告》会议指出，对国民经济和社会发展计划进行中期调整，是充分考虑新形势、新方向和新情况，与钟楼经济社会发展水平和财政收支状况相适应的举措。会议要求，各级各部门要尽快落实调整要求，在项目建设和推进中用好“清单+专班”工作机制，周密谋划抓前期，紧盯 钟楼区政府2022年度第8次常务会议纪要 〔2022〕第8期 2022年8月6日上午，在区机关815会议室，区长李超","二〇二六年七月二十五日公开资料采集整理"
"312","区政府2022年第6次常务会议纪要","2022-08-08","常州经济开发区管理委员会网站","http://www.cznd.gov.cn/html/cznd/2022/KOPOKANH_0831/20337.html","https://www.changzhou.gov.cn/gova/wjk.php?click=m2_2&dept_id=0&keytype=title&keyword=%E4%BC%9A%E8%AE%AE%E7%BA%AA%E8%A6%81&page=1&sel_year=0&tc_id=0&tc_name=&website=xinbei","栏目链接标题含会议纪要","","正文结构命中","次常务会议纪要 2022年7月15日上午，在区商务中心A座二楼求是厅，代理区长石旭涌主持召开区政府常务会议。现将会议内容纪要如下： （一） 会议传达学习了习近平总书记在湖北武汉考察时的重要讲话精神。 会议要求，全区上下要深入学习领会、一丝不苟贯彻落实。要不断创造有利于科技创新的体制机制和外部环境，强化企业创新主体作用，大力培育高新技术、专精特新和科技型中小企业，筑牢科技支撑。要树牢底线思维，统筹好疫情防控和经济社会发展，把稳增长摆在更加突出的位置，加强经济运行调度，全力稳住经济大盘。要坚持党建引领基层社会治理，以社区为基本治理单元，更好发挥党组织在社区治","二〇二六年七月二十五日公开资料采集整理"
"313","钟楼区政府2022年度第7次常务会议纪要","2022-06-25","常州市钟楼区人民政府网站","http://www.zhonglou.gov.cn/html/czzl/2022/FPKLLMMN_1105/18993.html","https://www.changzhou.gov.cn/gova/wjk.php?click=m2_2&dept_id=0&keytype=title&keyword=%E4%BC%9A%E8%AE%AE%E7%BA%AA%E8%A6%81&page=1&sel_year=0&tc_id=0&tc_name=&website=zhonglou","栏目链接标题含会议纪要","","正文结构命中","6月24日下午，在区机关815会议室，受李超鲲区长委托，区委常委、副区长孙益锋主持召开区政府2022年度第7次常务会议，现纪要如下：会议专题审议了《钟楼区2022年度重点工作专项考核实施办法》《2022年度经开区、镇（街道）高质量发展绩效评价考核实施方案》《2022年度区级机关单位高质量发展绩效评价考核实施方案》。会议指出，开展重点工作专项考核和高质量发展绩效评价考核是落实市“532”发展战略和区委区政府各项重要决策 钟楼区政府2022年度第7次常务会议纪要 〔2022〕第7期 2022年6月24日下午，在区机关815会议室，受李超鲲区长委托，区委常委、","二〇二六年七月二十五日公开资料采集整理"
"314","钟楼区政府2022年度第6次常务会议纪要","2022-06-17","常州市钟楼区人民政府网站","http://www.zhonglou.gov.cn/html/czzl/2022/FPKLLMMN_1105/18992.html","https://www.changzhou.gov.cn/gova/wjk.php?click=m2_2&dept_id=0&keytype=title&keyword=%E4%BC%9A%E8%AE%AE%E7%BA%AA%E8%A6%81&page=1&sel_year=0&tc_id=0&tc_name=&website=zhonglou","栏目链接标题含会议纪要","","正文结构命中","6月15日下午，在区机关815会议室，受李超鲲区长委托，区委常委、副区长孙益锋主持召开区政府2022年度第6次常务会议，现纪要如下：一、会议传达学习了国务院、省政府、市政府廉政工作会议精神会议要求，全区政府系统要切实提高政治站位，不断增强“四个意识”、坚定“四个自信”、做到“两个维护”，坚决打好党风廉政建设攻坚战持久战。会议强调，要聚焦重点，抓住关键，发挥审计监督“利剑”作用，强化对财政资金、公共资源、 钟楼区政府2022年度第6次常务会议纪要 〔2022〕第6期 2022年6月15日下午，在区机关815会议室，受李超鲲区长委托，区委常委、副区长孙益锋主","二〇二六年七月二十五日公开资料采集整理"
"315","区政府第4次常务会议纪要","2022-06-07","常州市武进区人民政府网站","http://www.wj.gov.cn/html/czwj/2022/BJLFPPJH_0713/71484.html","https://www.changzhou.gov.cn/gova/wjk.php?click=m2_2&dept_id=0&keytype=title&keyword=%E4%BC%9A%E8%AE%AE%E7%BA%AA%E8%A6%81&page=1&sel_year=0&tc_id=0&tc_name=&website=wujin","栏目链接标题含会议纪要","","正文结构命中","读： 区政府第4次常务会议纪要 2022年5月12日下午，区长恽淇丞在区政府817会议室，主持召开区政府第4次常务会议，纪要如下： 一、集体学习：《信访工作条例》 会议指出，《信访工作条例》作为第一部全面规范信访工作的党内法规，是加强和改进新时代信访工作、推动信访工作高质量发展的有力保障。 会议强调，各地各部门要抓好《条例》教育培训和宣传学习，不断提升《条例》运用能力水平，主动适应信访工作新形势新任务新要求。要强化信访队伍建设，加强业务培训，进一步提升干部执行法律政策、做好群众工作、化解社会矛盾等方面的能力。 二、会议听取了“信访突出问题攻坚化解年”工作","二〇二六年七月二十五日公开资料采集整理"
"316","区政府第6次常务会议纪要","2022-05-27","常州市天宁区人民政府网站","http://www.cztn.gov.cn/html/cztn/2022/CFHMLBAH_0629/26518.html","https://www.changzhou.gov.cn/gova/wjk.php?click=m2_2&dept_id=0&keytype=title&keyword=%E4%BC%9A%E8%AE%AE%E7%BA%AA%E8%A6%81&page=1&sel_year=0&tc_id=0&tc_name=&website=tianning","栏目链接标题含会议纪要","","正文结构命中","有效 内容概述： 2022年5月19日上午，区长张凯奇在天宁科技促进中心2306会议室，主持召开区政府第6次常务会议。纪要如下： 区政府第6次常务会议纪要 2022年5月19日上午，区长张凯奇在天宁科技促进中心2306会议室，主持召开区政府第6次常务会议。纪要如下： 一、会议审议了《2022年度天宁区政府重大行政决策事项目录》 会议认为，规范政府重大行政决策事项，是提高决策质量和效率的现实需要，是“十四五”期间法治政府建设的重要任务，也是推进治理体系和治理能力现代化的重要举措，有利于提升行政决策的公信力和执行力，促进依法、科学、民主决策。 会议原则同意","二〇二六年七月二十五日公开资料采集整理"
"317","钟楼区政府2022年度第5次常务会议纪要","2022-05-23","常州市钟楼区人民政府网站","http://www.zhonglou.gov.cn/html/czzl/2022/FPKLLMMN_1105/18991.html","https://www.changzhou.gov.cn/gova/wjk.php?click=m2_2&dept_id=0&keytype=title&keyword=%E4%BC%9A%E8%AE%AE%E7%BA%AA%E8%A6%81&page=1&sel_year=0&tc_id=0&tc_name=&website=zhonglou","栏目链接标题含会议纪要","","正文结构命中","5月21日上午，在区机关815会议室，受李超鲲区长委托，区委常委、副区长孙益锋主持召开区政府2022年度第5次常务会议，现纪要如下：一、会议审议了《钟楼区社区工作者招聘工作实施办法》《钟楼区社区专职工作者绩效考核暂行办法》会议指出，社区工作者处于改革、发展、稳定的第一线，是基层社会治理与服务的重要力量，是联系居民群众的桥梁纽带。制定招聘和绩效考核实施办法，有利于健全完善社区工作者管理制度，推动基层治理体 钟楼区政府2022年度第5次常务会议纪要 〔2022〕第5期 2022年5月21日上午，在区机关815会议室，受李超鲲区长委托，区委常委、副区长孙益锋主","二〇二六年七月二十五日公开资料采集整理"
"318","区政府第2次常务会议纪要","2022-03-22","常州市武进区人民政府网站","http://www.wj.gov.cn/html/czwj/2022/BJLFPPJH_0328/70545.html","https://www.changzhou.gov.cn/gova/wjk.php?click=m2_2&dept_id=0&keytype=title&keyword=%E4%BC%9A%E8%AE%AE%E7%BA%AA%E8%A6%81&page=1&sel_year=0&tc_id=0&tc_name=&website=wujin","栏目链接标题含会议纪要","","正文结构命中","阅读： 区政府第2次常务会议纪要 2022年3月4日下午，区长恽淇丞在区政府817会议室，主持召开区政府第2次常务会议，纪要如下： 一、集体学习：《中华人民共和国监察法实施条例》 会议指出，颁布《中华人民共和国监察法实施条例》是深化国家监察体制改革的重要举措，对提升国家治理能力和水平、深化全面从严治党和反腐败斗争具有重大意义。 会议强调，各地各部门要学习贯彻好《条例》相关要求，增强法纪意识，自觉接受监督，时刻心存戒尺，进一步凝聚不敢腐、不能腐、不想腐的最强共识。要深入推进依法行政，严防严查“微腐败”，推动全区党风廉政建设和反腐败斗争取得新成效。 二、集体","二〇二六年七月二十五日公开资料采集整理"
"319","区政府第1次常务会议纪要","2022-03-08","常州市武进区人民政府网站","http://www.wj.gov.cn/html/czwj/2022/BJLFPPJH_0328/70544.html","https://www.changzhou.gov.cn/gova/wjk.php?click=m2_2&dept_id=0&keytype=title&keyword=%E4%BC%9A%E8%AE%AE%E7%BA%AA%E8%A6%81&page=1&sel_year=0&tc_id=0&tc_name=&website=wujin","栏目链接标题含会议纪要","","正文结构命中","读： 区政府第1次常务会议纪要 2022年1月21日上午，区长恽淇丞在区政府817会议室，主持召开区政府第1次常务会议，纪要如下： 一、集体学习：《江苏省信访条例（修订）》 会议指出，《江苏省信访条例（修订）》是全省信访工作法治化建设的重要成果，是做好新时代信访工作、推动信访工作高质量发展的重要法治保障。 会议强调，各地各部门要认真学习贯彻《条例》，准确把握精神实质、主要内容和实践要求，不断提升做好新时代群众工作的能力。要以推进“信访突出问题攻坚化解年”行动为契机，全面压实工作责任，严格落实领导包案制度，认真研究、主动化解重点矛盾纠纷。 二、集体学习：国","二〇二六年七月二十五日公开资料采集整理"
"320","市政府第2次常务会议纪要","2022-01-27","昆山市人民政府网站","https://www.ks.gov.cn/kss/c112598/202201/dbff089ef0714cd1bf295822de60eb9a.shtml","https://www.ks.gov.cn/kss/zfcwhy/xxgk_list.shtml","栏目链接标题含会议纪要","","正文结构命中","022 年 1 月 24 日上午，市长陈丽艳主持召开市政府第 2 次常务会议，审议《昆山市公共交通换乘优惠实施方案》。 会议议定以下意见： 一、原则同意 《昆山市公共交通换乘优惠实施方案》 。由市 交通局根据会议讨论意见作进一步修改完善后，按程序发文实施。 二、 公共交通换乘优惠政策是一项实实在在的惠民举措，对于引导绿色出行、缓解交通拥堵、推动轨道与公交融合发展具有重要意义。交通部门要加大宣传力度，增强政策知晓度，切实提升市民的获得感和幸福感；要着眼线网扩容，提前做好公交与轨交 S1 线的换乘优惠方案研究，让公共交通发挥最大效能。 三、要持续推进国家公交","二〇二六年七月二十五日公开资料采集整理"
"321","市政府第61次常务会议纪要","2020-08-21","昆山市人民政府网站","https://www.ks.gov.cn/kss/zfcwhy/202008/7b3a5118111c409189ff90a5cb73d94c.shtml","https://www.ks.gov.cn/kss/zfcwhy/xxgk_list.shtml","栏目链接标题含会议纪要","","正文结构命中","有关事项、《昆山市建设和谐劳动关系综合试验区实施方案》《昆山市贯彻落实国家统计局第6统计督察组督察反馈意见整改方案》。 会议议定以下意见： 一、传达学习国家、省和苏州市关于农村乱占耕地建房问题整治工作专题会议精神并听取我市相关情况汇报 （一）会议传达学习了国家、省和苏州市关于农村乱占耕地建房问题整治工作专题会议精神。原则同意市自然资源和规划局关于我市相关情况的汇报。 （二）要深化认识、有序推进。耕地是最为宝贵的资源之一，关系着粮食安全，严格保护耕地是习近平生态文明思想的重要组成部分。习近平总书记多次强调，耕地保护是关乎14亿人吃饭的大事，容不得半点闪失。","二〇二六年七月二十五日公开资料采集整理"
"322","市政府第60次常务会议纪要（主动公开）","2020-07-31","昆山市人民政府网站","https://www.ks.gov.cn/kss/zfcwhy/202007/30af0d3b610443ff96d429fd8fd36180.shtml","https://www.ks.gov.cn/kss/zfcwhy/xxgk_list.shtml","栏目链接标题含会议纪要","","正文结构命中","退捕工作的实施方案》《昆山市工程建设项目审批制度改革实施方案》《昆山市工业企业本质安全提升综合奖补实施办法（试行）》。 会议议定以下意见： 一、传达学习苏州市委市政府《关于深化改革加强食品安全工作的实施方案》《党政领导干部食品安全工作责任清单》，听取我市食品安全工作情况汇报 （一）原则同意市市场监管局关于我市食品安全工作情况的汇报。 （二）要提高政治站位，扛起食品安全重大责任。各板块、各部门要切实增强政治自觉、思想自觉、行动自觉，认真贯彻落实中央、江苏省和苏州市有关食品安全工作的方针政策、决策部署和文件精神，深入实施食品安全战略，高度重视疫情防控常态化形","二〇二六年七月二十五日公开资料采集整理"
"323","市政府第42次常务会议纪要","2019-10-16","昆山市人民政府网站","https://www.ks.gov.cn/kss/zfcwhy/201910/25fbbd2705d6442684a9463e407947f1.shtml","https://www.ks.gov.cn/kss/zfcwhy/xxgk_list.shtml","栏目链接标题含会议纪要","","正文结构命中","2019 年全市三级挂牌督办安全生产重大事故隐患整改进展情况的汇报、关于 2019 年招商护商服务月开展情况的汇报。 会议议定以下意见： 一、听取加快创新转型推进经济高质量发展 “ 十个一批 ” 重点项目进展督查情况报告 （一）原则同意市政府办公室关于加快创新转型推进经济高质量发展 “ 十个一批 ” 重点项目进展督查情况报告。 （二）从全市 “ 十个一批 ” 重点项目推进情况来看，相关单位做了大量工作，也取得了阶段性成效。 “ 十个一批 ” 重点项目涵盖面广，包括引进重大产业项目、传统产业转型升级、培育 “ 单打冠军、隐形冠军 ” 企业等方面，要坚持把","二〇二六年七月二十五日公开资料采集整理"
"324","市政府第24次常务会议纪要","2018-11-08","昆山市人民政府网站","https://www.ks.gov.cn/kss/zfcwhy/201811/603d1fb390164188be97125cfd4ad0a0.shtml","https://www.ks.gov.cn/kss/zfcwhy/xxgk_list.shtml","栏目链接标题含会议纪要","","正文结构命中","小 】 分享到： 昆政纪〔 2018 〕 12 号 11 月 1 日 ，代市长周旭东主持召开市政府第 24 次常务会议，现纪要如下： 一、审议《昆山市安全生产领域举报奖励办法》 会议听取了市安监局局长朱维元关于《昆山市安全生产领域举报奖励办法》起草情况的汇报。 会议明确： 1. 要加强宣传工作，提高社会知晓度和参与度，确保重大事故隐患早发现、早解决。 2. 要狠抓工作落实，由市安监局统一扎口、统一管理，进一步完善制度规定，明确认定标准，做好受理、核查、奖励等工作。 3. 要落实保密措施，依法保护举报人合法权益，确保举报人人身和财产安全。 会 议原则通过上","二〇二六年七月二十五日公开资料采集整理"
"325","市政府第17次常务会议纪要","2018-05-03","昆山市人民政府网站","https://www.ks.gov.cn/kss/zfcwhy/201805/71e8d4b994cd41ffb0516e024fa98bdd.shtml","https://www.ks.gov.cn/kss/zfcwhy/xxgk_list.shtml","栏目链接标题含会议纪要","","正文结构命中","分享到： 昆政纪〔 2018 〕 5 号 4 月 26 日 ，市委书记、市长杜小刚主持召开市政府第 17 次常务会议，现纪要如下： 一、 审议《昆山市政府投资项目代建管理办法》 会议听取了市住建局局长石建刚关于《昆山市政府投资项目代建管理办法》起草情况的汇报。 会议明确： 1. 严格规范区镇政府投资项目代建行为，切实加强事前、事中、事后监管，确保代建工程质量过硬。 2. 市代建办要优化工作流程，整合专业力量；规划、建设部门要提前介入教育、医疗等领域政府投资项目规划建设，全程做好监督指导工作，合力提高政府投资项目建设管理效率和水平。 3. 围绕 “ 工业","二〇二六年七月二十五日公开资料采集整理"
"326","市政府第12次常务会议纪要","2017-12-27","昆山市人民政府网站","https://www.ks.gov.cn/kss/zfcwhy/201712/952e3ca4d6494a48b795464a9dad4f4b.shtml","https://www.ks.gov.cn/kss/zfcwhy/xxgk_list.shtml","栏目链接标题含会议纪要","","正文结构命中","小 】 分享到： 昆政纪〔 2017 〕 12 号 12 月 18 日 ，杜小刚市长主持召开市政府第 12 次常务会议，现纪要如下： 一、市政府党组学习贯彻习近平总书记关于进一步纠正“四风”、加强作风建设的重要指示精神 会上，杜小刚市长传达了习近平总书记关于进一步纠正 “ 四风 ” 、加强作风建设的重要指示精神。 会议指出，习近平总书记近日就新华社《形式主义、官僚主义新表现值得警惕》一文作出重要批示，一针见血、切中时弊，内容丰富、要求明确，充分表明了以习近平同志为核心的党中央坚定不移全面从严治党、持之以恒正风肃纪的鲜明态度和坚定决心，对于全党深入学习贯彻","二〇二六年七月二十五日公开资料采集整理"
"327","市政府第10次常务会议纪要","2017-11-24","昆山市人民政府网站","https://www.ks.gov.cn/kss/zfcwhy/201711/141187a283a24e98b84be890ee8a2d46.shtml","https://www.ks.gov.cn/kss/zfcwhy/xxgk_list.shtml","栏目链接标题含会议纪要","","正文结构命中","小 】 分享到： 昆政纪〔 2017 〕 10 号 11 月 13 日 ，杜小刚市长主持召开市政府第 10 次常务会议，现纪要如下： 一、听取《 2017 年对台服务工作情况督查报告》 会议听取了市政府办公室副主任秦微晰关于《 2017 年对台服务工作情况督查报告》的汇报。 会议要求： 1. 各区镇、相关部门要高度重视台资台企发展，一方面，要进一步增强大局意识，认真领会并贯彻落实好上级关于对台服务方面的决策部署；另一方面，要加强台企动向性研究，精准把握台企、台商的实际需求，切实提升服务台企台商工作水平。 2. 市台办要发挥好牵头作用，一是积极与上级主管部","二〇二六年七月二十五日公开资料采集整理"
"328","市政府第6次常务会议纪要","2017-08-02","昆山市人民政府网站","https://www.ks.gov.cn/kss/zfcwhy/201708/67328ac4b10f4b7fb540d3cc40ed98d9.shtml","https://www.ks.gov.cn/kss/zfcwhy/xxgk_list.shtml","栏目链接标题含会议纪要","","正文结构命中","中 小 】 分享到： 昆政纪〔 2017 〕 6 号 7 月 28 日 ，杜小刚市长主持召开市政府第 6 次常务会议，现纪要如下： 一、听取关于黑臭河道整治、招商引资工作专项督查情况的汇报 会议分别听取了市政府办公室副主任科员乙生永、市政府办公室副主任秦微晰关于黑臭河道整治、招商引资工作专项督查情况的汇报。 会议明确： 1. 各区镇、相关部门特别是一把手领导要认清形势、高度重视、咬住目标，借助当前有利时机抓紧推进黑臭河道治理工作，积极改善水生态环境，不断提高人居环境质量。 2. 将黑臭河道整治专项督查情况汇报材料修改完善后，以专报形式报送市委，并印发各","二〇二六年七月二十五日公开资料采集整理"
"329","市政府第5次常务会议纪要","2017-06-28","昆山市人民政府网站","https://www.ks.gov.cn/kss/zfcwhy/201706/d0ba535c24fa4e12976bc0bf39a4f89d.shtml","https://www.ks.gov.cn/kss/zfcwhy/xxgk_list.shtml","栏目链接标题含会议纪要","","正文结构命中","中 小 】 分享到： 昆政纪〔 2017 〕 5 号 6 月 27 日 ，杜小刚市长主持召开市政府第 5 次常务会议，现纪要如下： 一、讨论《关于加快推进残疾人小康进程的实施方案》 会议听取了市残联理事长卞海山《关于加快推进残疾人小康进程的实施方案》起草情况的汇报。 会议明确： 1. 对于户籍残疾人，要进一步将各项保障工作做深做细。 2. 对于非户籍残疾人，要本着相对公平和普惠的原则予以帮扶，特别是对重度残疾人，要做好兜底工作，真正体现城市关爱。 3. 要摸清全市残疾家庭基本情况，每年有针对性地谋划一批务实管用的政策措施，切实做到精准施策、分类帮扶。","二〇二六年七月二十五日公开资料采集整理"
"330","市政府第4次常务会议纪要","2017-05-27","昆山市人民政府网站","https://www.ks.gov.cn/kss/zfcwhy/201705/3c93c46cec034cee91e742df6388b65b.shtml","https://www.ks.gov.cn/kss/zfcwhy/xxgk_list.shtml","栏目链接标题含会议纪要","","正文结构命中","大 中 小 】 分享到： 昆政纪〔 2017 〕 4 号 5 月 24 日，杜小刚市长主持召开市政府第 4 次常务会议，现纪要如下： 一、讨论《 关于全面深化河长制改革的工作方案 》 会议听取了市水利局局长徐彬 《 关于全面深化河长制改革的工作方案 》 起草情况的汇报。 会议明确： 1. 由市河长制办公室牵头，突出 “ 一河一策 ” ，结合领导包案工作机制，重点围绕治理目标、时间安排、工作举措等方面，进一步细化工作方案。 2. 以提升针对性、可操作性为重点，建立健全河长办公室定期议事机制，协调处理好工作交办、河流流域整治等具体问题。 会议原则通过上述文件","二〇二六年七月二十五日公开资料采集整理"
"331","市政府第3次常务会议纪要","2017-04-25","昆山市人民政府网站","https://www.ks.gov.cn/kss/zfcwhy/201704/c7ce107bcc2c451986aae4cb7ba9b1c7.shtml","https://www.ks.gov.cn/kss/zfcwhy/xxgk_list.shtml","栏目链接标题含会议纪要","","正文结构命中","中 小 】 分享到： 昆政纪〔 2017 〕 3 号 4 月 20 日 ，杜小刚市长主持召开市政府第 3 次常务会议，现纪要如下： 一、学习传达《全省县域科技体制改革经验交流会》精神 会议听取了副市长金健宏关于学习传达《全省县域科技体制改革经验交流会》精神的汇报。 会议明确： 1. 各区镇、各相关部门要认真学习借鉴北京、深圳、杭州等地区在科技创新领域的先进经验，对标找差，取长补短，精准发力，努力成为政策研究的行家里手，推动全市科技创新工作不断取得新进展、新突破。 2. 围绕 “ 创新四问 ” 命题，各相关部门要在转型升级创新发展六年行动计划的基础上，抓","二〇二六年七月二十五日公开资料采集整理"
"332","市政府第2次常务会议纪要","2017-03-06","昆山市人民政府网站","https://www.ks.gov.cn/kss/zfcwhy/201703/c405ada89c404d9f8b3acd4c0cefaff9.shtml","https://www.ks.gov.cn/kss/zfcwhy/xxgk_list.shtml","栏目链接标题含会议纪要","","正文结构命中","中 小 】 分享到： 昆政纪〔 2017 〕 2 号 2 月 24 日 ，杜小刚市长主持召开市政府第 2 次常务会议，现纪要如下： 一、 听取《关于 2017 年安全隐患突出问题市领导领办项目名单和市政府挂牌督办重大事故隐患项目名单的报告》 会议听取了市安监局副局长邰继成《关于 2017 年安全隐患突出问题市领导领办项目名单和市政府挂牌督办重大事故隐患项目名单的报告》。 会议明确： 1. 各区镇、各城市管理办事处和各部门要坚守安全生产底线，严格落实 “ 党政同责、一岗双责 ” “ 管行业必须管安全，管业务必须管安全，管生产经营必须管安全 ” 等工作要求","二〇二六年七月二十五日公开资料采集整理"
"333","市政府第67次常务会议纪要","2016-11-11","昆山市人民政府网站","https://www.ks.gov.cn/kss/zfcwhy/201611/1653aac584d540798024767f51fd5c53.shtml","https://www.ks.gov.cn/kss/zfcwhy/xxgk_list.shtml","栏目链接标题含会议纪要","","正文结构命中","小 】 分享到： 昆政纪〔 2016 〕 13 号 11 月 4 日 ，杜小刚市长主持召开市政府第 67 次常务会议，现纪要如下： 一、 讨论《昆山市食品摊贩备案管理工作意见》《昆山市食品小作坊监管工作意见》 会议听取了市市场监管局副局长江良就《昆山市食品摊贩备案管理指导意见》《昆山市食品小作坊监管工作意见》修改情况的汇报。会议强调，加强食品摊贩监管，规范食品小作坊经营行为，事关城市秩序环境提升和广大群众身体健康安全。各区镇、相关部门要高度重视、密切配合，落实监管职责，切实抓好食品摊贩备案和食品小作坊管理工作。 会议原则通过上述文件，要求有关单位修改完","二〇二六年七月二十五日公开资料采集整理"
"334","市政府第62次常务会议纪要","2016-07-12","昆山市人民政府网站","https://www.ks.gov.cn/kss/zfcwhy/201607/4f8676d7d70c47eea89517e05a364de1.shtml","https://www.ks.gov.cn/kss/zfcwhy/xxgk_list.shtml","栏目链接标题含会议纪要","","正文结构命中","中 小 】 分享到： 昆政纪〔 2016 〕 8 号 7 月 6 日 ，杜小刚市长主持召开市政府第 62 次常务会议，现纪要如下： 一、听取《吴淞江流域水环境专项整治工作情况汇报》 会议听取了市环保局副局长张伟关于吴淞江流域水环境专项整治工作情况汇报。会议强调，吴淞江是我市主要的过境河流，是太湖流域国控考核断面重点水体，治理好吴淞江流域水环境，既对我市生态环境提升、经济社会转型发展具有促进作用，也将对推进市域内其它河流治理工作提供经验借鉴。会议明确： 1. 吴淞江流域各区镇和相关部门要增强紧迫感和责任感，高度重视吴淞江水环境整治工作，积极通过邀请专家参","二〇二六年七月二十五日公开资料采集整理"
"335","市政府第58次常务会议纪要","2016-04-01","昆山市人民政府网站","https://www.ks.gov.cn/kss/zfcwhy/201604/66eb11acda7d4390a1b2c2a778a4e336.shtml","https://www.ks.gov.cn/kss/zfcwhy/xxgk_list.shtml","栏目链接标题含会议纪要","","正文结构命中","中 小 】 分享到： 昆政纪〔 2016 〕 4 号 3 月 29 日 ，杜小刚市长主持召开市政府第 58 次常务会议，现纪要如下： 一、讨论《昆山市全面清理整治环境保护违法违规建设项目工作方案》 会议听取了市环保局局长高建强关于《昆山市全面清理整治环境保护违法违规建设项目工作方案》起草情况的汇报。 会议明确： 1. 重点整治环境问题屡查屡犯、群众反映强烈的违法违规企业，加快推进 “ 三高一低 ” 企业淘汰、水源保护区内污染企业关停等工作，抓紧做好我市工业污水治理问题研究。 2. 正确处理好环境保护与经济发展关系，特别是在招商引资过程中，要转变观念、调整","二〇二六年七月二十五日公开资料采集整理"
"336","市政府第50次常务会议纪要","2015-10-30","昆山市人民政府网站","https://www.ks.gov.cn/kss/zfcwhy/201510/9b8837c8fccd46eeb68d1bd80bd6a94f.shtml","https://www.ks.gov.cn/kss/zfcwhy/xxgk_list.shtml","栏目链接标题含会议纪要","","正文结构命中","政府第50次常务会议纪要 昆政纪〔2015〕11号 10 月 20 日 ，杜小刚市长主持召开市政府第 50 次常务会议，现纪要如下： 一 、听取《关于对中环快速路项目勘察设计违规发包问题的通报》、《关于震川路茶室超范围经营处置中相关问题的通报》 会议分别听取了沈晓明副市长《关于对中环快速路项目勘察设计违规发包问题的通报》、金健宏副市长《关于震川路茶室超范围经营处置中相关问题的通报》 。 会议明确： 1. 各部门、各单位要引以为戒，进一步规范工程建设程序，促进建筑市场公开公平公正和健康有序发展。 2. 相关区镇、部门要高度重视震川路茶室超范围经营专项整治，","二〇二六年七月二十五日公开资料采集整理"
"337","市政府第38次常务会议纪要","2014-12-03","昆山市人民政府网站","https://www.ks.gov.cn/kss/zfcwhy/201412/9451361a663b478688faf06cf72568a7.shtml","https://www.ks.gov.cn/kss/zfcwhy/xxgk_list.shtml","栏目链接标题含会议纪要","","正文结构命中","昆政纪〔 2014 〕 13 号 11 月 26 日 ， 路军市长在市级机关多功能厅主持召开市政府第 38 次常务会议。现纪要如下： 一、讨论《关于进一步加强教师队伍建设的意见》 会议听取了市教育局局长褚志愿《关于进一步加强教师队伍建设的意见》起草情况的汇报。会议指出，加强教师队伍建设，是办好人民满意教育的关键举措，也是推进教育现代化进程的根本保障。会议强调，要在进一步挖掘教育资源利用潜力和积极向上争取的同时，围绕 “ 师德素养、学识水平、业务能力 ” 核心，着力健全教师队伍建设、管理和考核机制，促进教师专业化成长，全力打造一支师德高尚、业务精通、结构合","二〇二六年七月二十五日公开资料采集整理"
"338","市政府第25次常务会议纪要","2013-12-24","昆山市人民政府网站","https://www.ks.gov.cn/kss/zfcwhy/201312/87a8e006503c4511a18435242ae2763b.shtml","https://www.ks.gov.cn/kss/zfcwhy/xxgk_list.shtml","栏目链接标题含会议纪要","","正文结构命中","【字体: 大 中 小 】 分享到： 12 月 17 日 ，路军市长在市级机关多功能厅主持召开市政府第 25 次常务会议。现纪要如下： 一、讨论《 关于进一步加快现代服务业重点领域发展的政策意见（试行）》、《 关于进一步加快工业经济发展的政策意见（试行）》、《关于进一步加快科技创新体系建设的政策意见（试行）》、《关于进一步实施高层次优秀人才集聚计划的若干意见》、《昆山市市级产业发展财政专项资金使用管理暂行办法》 会议听取了市财政局局长李建英关于产业扶持政策整合相关情况的汇报。会议指出，以支持创新型经济和战略性新兴产业、现代服务业为重点，对现有的产业、科技、","二〇二六年七月二十五日公开资料采集整理"
"339","市政府第11次常务会议纪要","2013-01-14","昆山市人民政府网站","https://www.ks.gov.cn/kss/zfcwhy/201212/92c16832ca984b4d855213459c146991.shtml","https://www.ks.gov.cn/kss/zfcwhy/xxgk_list.shtml","栏目链接标题含会议纪要","","正文结构命中","大 中 小 】 分享到： 12 月 23 日 ，路军市长在市政府大楼 12 楼会议室主持召开市政府第 11 次常务会议。现纪要如下： 一、讨论《政府工作报告（征求意见稿）》 会议听取了市政府办公室副主任、研究室主任方雪华关于《政府工作报告（征求意见稿）》起草情况的汇报。会议指出， 2013 年是全面贯彻落实党的十八大精神的开局之年，也是我市更高水平推进率先基本实现现代化的关键之年。政府工作报告既要实事求是地总结 2012 年全市经济社会发展和率先基本实现现代化建设取得的成绩，又要客观分析目前存在的问题和面临的挑战，深化改革创新，强化责任担当，明确预期目标","二〇二六年七月二十五日公开资料采集整理"
"340","市政府第8次常务会议纪要","2012-09-25","昆山市人民政府网站","https://www.ks.gov.cn/kss/zfcwhy/201209/6a5239d8ba7e4e6980d4d4d186e79940.shtml","https://www.ks.gov.cn/kss/zfcwhy/xxgk_list.shtml","栏目链接标题含会议纪要","","正文结构命中","中 小 】 分享到： 9 月 18 日 ，路军市 长在市政府大楼 12 楼 会议室主持召开市政府 第 8 次 常务会议。现纪要如下： 一、审议《昆山市价格调节基金使用管理办法》 会议听取了市物价局局长徐惠芳关于《昆山市价格调节基金使用管理办法》起草情况的汇报。会议指出，设立价格调节基金，是有效调节市场价格，保障困难群众基本生活，保持市场价格总水平基本稳定的重要举措之一。会议要求，市相关部门要进一步完善价格调节基金使用管理办法，加强对基金使用情况的监督检查，切实发挥基金在实现年度价格调控总目标，稳定和调控居民生活必需品等重要商品价格上的作用。会议原则通过了","二〇二六年七月二十五日公开资料采集整理"
"341","市政府第50次常务会议纪要","2012-01-29","昆山市人民政府网站","https://www.ks.gov.cn/kss/zfcwhy/201201/7c49599f385b482abace1c820a3c7b2b.shtml","https://www.ks.gov.cn/kss/zfcwhy/xxgk_list.shtml","栏目链接标题含会议纪要","","正文结构命中",": 大 中 小 】 分享到： 1 月 18 日 ，路军代市长在市政府 12 楼会议室主持召开市政府第 50 次常务会议。现纪要如下： 一、 讨论《昆山市推进区镇行政服务中心建设的指导意见》 会议听取了市行政服务中心主任徐红生关于《昆山市推进区镇行政服务中心建设的指导意见》起草情况的汇报。会议认为，推进区镇行政服务中心建设，有利于进一步优化我市经济发展环境，提升行政服务水平。会议要求相关职能部门按照“因地制宜、逐步推进、优化完善”的原则，在开展试点工作的基础上，做好区镇行政服务中心建设的业务指导和监督。会议要求作修改后提交市委常委会审议。 二、讨论《昆山市","二〇二六年七月二十五日公开资料采集整理"
"342","市政府第33次常务会议纪要","2010-11-30","昆山市人民政府网站","https://www.ks.gov.cn/kss/zfcwhy/201011/df1a7d183d9f4cacb73a87bda007aba7.shtml","https://www.ks.gov.cn/kss/zfcwhy/xxgk_list.shtml","栏目链接标题含会议纪要","","正文结构命中","访问量： 【字体: 大 中 小 】 分享到： 11月23日，管爱国市长在市政府多功能厅主持召开市政府第33次常务会议。现纪要如下： 一、讨论昆山市2011年重点实事工程项目安排 会议听取了市政府副秘书长、重点办主任陈建中关于2011年重点实事工程项目安排建议有关情况的汇报。会议认为，2011年是“十二五”的开局之年，安排并实施好明年的重点实事工程，将有助于提升我市经济社会发展承载能力和公共服务水平，并为率先基本实现现代化奠定坚实基础。会议强调，2011年重点实事工程的安排要紧紧围绕昆山“大城市、现代化、可持续”的发展定位，既要突出重点，又要统筹兼顾。要","二〇二六年七月二十五日公开资料采集整理"
"343","市政府第26次常务会议纪要","2010-04-27","昆山市人民政府网站","https://www.ks.gov.cn/kss/zfcwhy/201004/bd6fa151d90241bfbcdb82b4e2f4e607.shtml","https://www.ks.gov.cn/kss/zfcwhy/xxgk_list.shtml","栏目链接标题含会议纪要","","正文结构命中","访问量： 【字体: 大 中 小 】 分享到： 4月20日，管爱国市长在市政府12楼会议室主持召开市政府第26次常务会议。现纪要如下： 一、审议《昆山市进一步完善节约集约用地措施加强项目用地管理的意见》 会议听取了市国土资源局局长束芬荣关于《昆山市进一步完善节约集约用地措施加强项目用地管理的意见》起草情况的汇报。会议认为，为深入贯彻落实科学发展观，确保土地永续利用和经济社会可持续发展，制定实施上述文件，适当提高工业用地投资强度标准，将有助于进一步加强节约集约用地，提高土地利用率。会议对工业用地投资强度标准和各类工业项目容积率等控制指标进行了认真审议，原则通","二〇二六年七月二十五日公开资料采集整理"
"344","市政府第17次常务会议纪要","2009-08-04","昆山市人民政府网站","https://www.ks.gov.cn/kss/zfcwhy/200908/b7614be8d08a482baa0793bfee75376f.shtml","https://www.ks.gov.cn/kss/zfcwhy/xxgk_list.shtml","栏目链接标题含会议纪要","","正文结构命中","访问量： 【字体: 大 中 小 】 分享到： 7月31日，管爱国市长在市政府12楼会议室主持召开市政府第17次常务会议。现纪要如下： 一、审议《关于鼓励总部经济发展的若干政策（试行）》 会议听取了市发改委主任杜立新，副主任、市服务业办主任耿德兵《关于鼓励总部经济发展的若干政策（试行）》起草情况的汇报。会议认为，为加快经济结构转型升级，提高产业发展水平，提升城市综合竞争力，鼓励境内外企业或各类经济组织来我市设立企业总部、地区总部或总部机构，具有重要意义。要切实加大工作力度，促进我市总部经济加快发展。会议要求有关部门作适当修改后提交市委常委会讨论。 二、审议","二〇二六年七月二十五日公开资料采集整理"
"345","市政府第16次常务会议纪要","2009-06-24","昆山市人民政府网站","https://www.ks.gov.cn/kss/zfcwhy/200906/dda0fb179ec9488db8fc7b217f068a1e.shtml","https://www.ks.gov.cn/kss/zfcwhy/xxgk_list.shtml","栏目链接标题含会议纪要","","正文结构命中","访问量： 【字体: 大 中 小 】 分享到： 6月19日，管爱国市长在市政府12楼会议室主持召开市政府第16次常务会议。现纪要如下： 一、审议《昆山市版权登记资助和优秀版权作品奖励试行办法》、《昆山市企业软件正版化资助项目与示范单位评定奖励暂行办法》 会议听取了市文广局局长赵红骑关于《昆山市版权登记资助和优秀版权作品奖励试行办法》、《昆山市企业软件正版化资助项目与示范单位评定奖励暂行办法》起草情况的汇报。会议认为，为进一步调动公民、法人和其他组织创作积极性，推动版权相关产业繁荣发展，推进创建全国版权保护示范城市进程，对我市版权登记作品、企业软件正版化项目","二〇二六年七月二十五日公开资料采集整理"
"346","市政府第15次常务会议纪要","2009-06-04","昆山市人民政府网站","https://www.ks.gov.cn/kss/zfcwhy/200906/65b87b8627544af99e47f403423df445.shtml","https://www.ks.gov.cn/kss/zfcwhy/xxgk_list.shtml","栏目链接标题含会议纪要","","正文结构命中","访问量： 【字体: 大 中 小 】 分享到： 5月27日，管爱国市长在市政府12楼会议室主持召开市政府第15次常务会议。现纪要如下： 一、审议《昆山市促进物流企业发展的若干政策（试行）》 会议听取了市经贸委主任陶林生关于《昆山市促进物流企业发展的若干政策（试行）》起草情况的汇报。会议认为，为积极应对国内外经济形势的变化，加快推进我市现代物流业平稳较快发展，加大对现代物流业的扶持力度十分必要。会议强调，要进一步研究完善推动现代物流业发展的政策措施，积极吸引国内外知名物流企业入驻昆山，鼓励物流企业做大做强并向高端发展，为经济社会又好又快发展提供坚实的物流体系","二〇二六年七月二十五日公开资料采集整理"
"347","市政府第14次常务会议纪要","2009-05-05","昆山市人民政府网站","https://www.ks.gov.cn/kss/zfcwhy/200905/3873dfcdd3e84755a4abed55e4f8683a.shtml","https://www.ks.gov.cn/kss/zfcwhy/xxgk_list.shtml","栏目链接标题含会议纪要","","正文结构命中","访问量： 【字体: 大 中 小 】 分享到： 4月27日，管爱国市长在市政府十二楼会议室主持召开市政府第14次常务会议。现纪要如下： 一、审议《加快全市服务外包发展的若干政策（试行）》 会议听取了市发改委主任杜立新，副主任、市服务业办公室主任耿德兵关于《加快全市服务外包发展的若干政策（试行）》起草情况的汇报。会议认为，抢抓新一轮以服务外包为特征的国际服务业转移的机遇，加大对服务外包企业扶持力度，对于进一步转变经济发展方式，优化产业结构，提升城市综合竞争力，具有重要意义。会议强调，各相关部门要发挥“三个敢于”精神，积极主动地为服务外包发展提供良好服务。会议","二〇二六年七月二十五日公开资料采集整理"
"348","市政府第12次常务会议纪要","2009-02-24","昆山市人民政府网站","https://www.ks.gov.cn/kss/zfcwhy/200902/b4cfbb121c4048c8ad339455f2bd97f8.shtml","https://www.ks.gov.cn/kss/zfcwhy/xxgk_list.shtml","栏目链接标题含会议纪要","","正文结构命中","访问量： 【字体: 大 中 小 】 分享到： 2月17日，管爱国市长在市政府12楼会议室主持召开市政府第12次常务会议。现纪要如下： 一、审议《关于加快文化昆山建设的实施意见》 会议听取了市文广局局长赵红骑《关于加快文化昆山建设的实施意见》起草情况的汇报。会议认为，为认真贯彻市委、市政府《关于进一步加强文化建设的意见》，全面落实市十五届人大二次会议关于“加强文化昆山建设，增强发展软实力”议案的要求，围绕构建社会主义核心价值体系，推动文化建设大发展大繁荣，将有利于增强城市凝聚力、感召力，提升城市软实力、综合竞争力。会议提出加快文化昆山建设的总体目标是，力争","二〇二六年七月二十五日公开资料采集整理"
"349","市政府第7次常务会议纪要","2022-09-02","溧阳市人民政府网站","http://www.liyang.gov.cn/html/czly/2022/CIPCAMHQ_1109/30377.html","https://www.changzhou.gov.cn/gova/wjk.php?click=m2_2&dept_id=0&keytype=title&keyword=%E4%BC%9A%E8%AE%AE%E7%BA%AA%E8%A6%81&page=1&sel_year=0&tc_id=0&tc_name=&website=liyang","栏目链接标题含会议纪要","","待人工复核","作为资料线索保留，使用前需人工打开页面核验。","二〇二六年七月二十五日公开资料采集整理"
"350","市政府第6次常务会议纪要","2022-07-06","溧阳市人民政府网站","http://www.liyang.gov.cn/html/czly/2022/CIPCAMHQ_1109/30376.html","https://www.changzhou.gov.cn/gova/wjk.php?click=m2_2&dept_id=0&keytype=title&keyword=%E4%BC%9A%E8%AE%AE%E7%BA%AA%E8%A6%81&page=1&sel_year=0&tc_id=0&tc_name=&website=liyang","栏目链接标题含会议纪要","","待人工复核","作为资料线索保留，使用前需人工打开页面核验。","二〇二六年七月二十五日公开资料采集整理"
"351","市政府第5次常务会议纪要","2022-05-25","溧阳市人民政府网站","http://www.liyang.gov.cn/html/czly/2022/CIPCAMHQ_1109/30375.html","https://www.changzhou.gov.cn/gova/wjk.php?click=m2_2&dept_id=0&keytype=title&keyword=%E4%BC%9A%E8%AE%AE%E7%BA%AA%E8%A6%81&page=1&sel_year=0&tc_id=0&tc_name=&website=liyang","栏目链接标题含会议纪要","","待人工复核","作为资料线索保留，使用前需人工打开页面核验。","二〇二六年七月二十五日公开资料采集整理"
"352","市政府第4次常务会议纪要","2022-04-29","溧阳市人民政府网站","http://www.liyang.gov.cn/html/czly/2022/CIPCAMHQ_0819/30057.html","https://www.changzhou.gov.cn/gova/wjk.php?click=m2_2&dept_id=0&keytype=title&keyword=%E4%BC%9A%E8%AE%AE%E7%BA%AA%E8%A6%81&page=1&sel_year=0&tc_id=0&tc_name=&website=liyang","栏目链接标题含会议纪要","","待人工复核","作为资料线索保留，使用前需人工打开页面核验。","二〇二六年七月二十五日公开资料采集整理"
"353","市政府第3次常务会议纪要","2022-03-25","溧阳市人民政府网站","http://www.liyang.gov.cn/html/czly/2022/CIPCAMHQ_0819/30056.html","https://www.changzhou.gov.cn/gova/wjk.php?click=m2_2&dept_id=0&keytype=title&keyword=%E4%BC%9A%E8%AE%AE%E7%BA%AA%E8%A6%81&page=1&sel_year=0&tc_id=0&tc_name=&website=liyang","栏目链接标题含会议纪要","","待人工复核","作为资料线索保留，使用前需人工打开页面核验。","二〇二六年七月二十五日公开资料采集整理"
"354","市政府第2次常务会议纪要","2022-02-22","溧阳市人民政府网站","http://www.liyang.gov.cn/html/czly/2022/CIPCAMHQ_0819/30055.html","https://www.changzhou.gov.cn/gova/wjk.php?click=m2_2&dept_id=0&keytype=title&keyword=%E4%BC%9A%E8%AE%AE%E7%BA%AA%E8%A6%81&page=1&sel_year=0&tc_id=0&tc_name=&website=liyang","栏目链接标题含会议纪要","","待人工复核","作为资料线索保留，使用前需人工打开页面核验。","二〇二六年七月二十五日公开资料采集整理"
"355","市政府第1次常务会议纪要","2022-01-30","溧阳市人民政府网站","http://www.liyang.gov.cn/html/czly/2022/CIPCAMHQ_0819/30054.html","https://www.changzhou.gov.cn/gova/wjk.php?click=m2_2&dept_id=0&keytype=title&keyword=%E4%BC%9A%E8%AE%AE%E7%BA%AA%E8%A6%81&page=1&sel_year=0&tc_id=0&tc_name=&website=liyang","栏目链接标题含会议纪要","","待人工复核","作为资料线索保留，使用前需人工打开页面核验。","二〇二六年七月二十五日公开资料采集整理"
"356","市政府第 40 次常务会议纪要","2020-10-21","溧阳市人民政府网站","http://www.liyang.gov.cn/html/czly/2021/CIPCAMHQ_0409/27869.html","https://www.changzhou.gov.cn/gova/wjk.php?click=m2_2&dept_id=0&keytype=title&keyword=%E4%BC%9A%E8%AE%AE%E7%BA%AA%E8%A6%81&page=1&sel_year=0&tc_id=0&tc_name=&website=liyang","栏目链接标题含会议纪要","","待人工复核","作为资料线索保留，使用前需人工打开页面核验。","二〇二六年七月二十五日公开资料采集整理"
"357","市政府第 27 次常务会议纪要","2019-11-06","溧阳市人民政府网站","http://www.liyang.gov.cn/html/czly/2021/CIPCAMHQ_0409/27868.html","https://www.changzhou.gov.cn/gova/wjk.php?click=m2_2&dept_id=0&keytype=title&keyword=%E4%BC%9A%E8%AE%AE%E7%BA%AA%E8%A6%81&page=1&sel_year=0&tc_id=0&tc_name=&website=liyang","栏目链接标题含会议纪要","","待人工复核","作为资料线索保留，使用前需人工打开页面核验。","二〇二六年七月二十五日公开资料采集整理"
"358","市政府第23次常务会议纪要","2019-02-03","溧阳市人民政府网站","http://www.liyang.gov.cn/html/czly/2021/CIPCAMHQ_0409/27867.html","https://www.changzhou.gov.cn/gova/wjk.php?click=m2_2&dept_id=0&keytype=title&keyword=%E4%BC%9A%E8%AE%AE%E7%BA%AA%E8%A6%81&page=1&sel_year=0&tc_id=0&tc_name=&website=liyang","栏目链接标题含会议纪要","","待人工复核","作为资料线索保留，使用前需人工打开页面核验。","二〇二六年七月二十五日公开资料采集整理"
"359","区政府第21次常务会议纪要","2018-12-24","常州市武进区人民政府网站","http://www.wj.gov.cn/html/czwj/2019/BJLFPPJH_0110/61589.html","https://www.changzhou.gov.cn/gova/wjk.php?click=m2_2&dept_id=0&keytype=title&keyword=%E4%BC%9A%E8%AE%AE%E7%BA%AA%E8%A6%81&page=1&sel_year=0&tc_id=0&tc_name=&website=wujin","栏目链接标题含会议纪要","","待人工复核","作为资料线索保留，使用前需人工打开页面核验。","二〇二六年七月二十五日公开资料采集整理"
"360","区政府第20次常务会议纪要","2018-12-11","常州市武进区人民政府网站","http://www.wj.gov.cn/html/czwj/2019/BJLFPPJH_0110/61588.html","https://www.changzhou.gov.cn/gova/wjk.php?click=m2_2&dept_id=0&keytype=title&keyword=%E4%BC%9A%E8%AE%AE%E7%BA%AA%E8%A6%81&page=1&sel_year=0&tc_id=0&tc_name=&website=wujin","栏目链接标题含会议纪要","","待人工复核","作为资料线索保留，使用前需人工打开页面核验。","二〇二六年七月二十五日公开资料采集整理"
"361","区政府第19次常务会议纪要","2018-11-12","常州市武进区人民政府网站","http://www.wj.gov.cn/html/czwj/2018/BJLFPPJH_1121/61196.html","https://www.changzhou.gov.cn/gova/wjk.php?click=m2_2&dept_id=0&keytype=title&keyword=%E4%BC%9A%E8%AE%AE%E7%BA%AA%E8%A6%81&page=1&sel_year=0&tc_id=0&tc_name=&website=wujin","栏目链接标题含会议纪要","","待人工复核","作为资料线索保留，使用前需人工打开页面核验。","二〇二六年七月二十五日公开资料采集整理"
"362","区政府第18次常务会议纪要","2018-08-13","常州市武进区人民政府网站","http://www.wj.gov.cn/html/czwj/2018/BJLFPPJH_0820/60345.html","https://www.changzhou.gov.cn/gova/wjk.php?click=m2_2&dept_id=0&keytype=title&keyword=%E4%BC%9A%E8%AE%AE%E7%BA%AA%E8%A6%81&page=1&sel_year=0&tc_id=0&tc_name=&website=wujin","栏目链接标题含会议纪要","","待人工复核","作为资料线索保留，使用前需人工打开页面核验。","二〇二六年七月二十五日公开资料采集整理"
"363","区政府第17次常务会议纪要","2018-06-20","常州市武进区人民政府网站","http://www.wj.gov.cn/html/czwj/2018/BJLFPPJH_0625/59926.html","https://www.changzhou.gov.cn/gova/wjk.php?click=m2_2&dept_id=0&keytype=title&keyword=%E4%BC%9A%E8%AE%AE%E7%BA%AA%E8%A6%81&page=1&sel_year=0&tc_id=0&tc_name=&website=wujin","栏目链接标题含会议纪要","","待人工复核","作为资料线索保留，使用前需人工打开页面核验。","二〇二六年七月二十五日公开资料采集整理"
"364","区政府第16次常务会议纪要","2018-05-16","常州市武进区人民政府网站","http://www.wj.gov.cn/html/czwj/2018/BJLFPPJH_0529/59925.html","https://www.changzhou.gov.cn/gova/wjk.php?click=m2_2&dept_id=0&keytype=title&keyword=%E4%BC%9A%E8%AE%AE%E7%BA%AA%E8%A6%81&page=1&sel_year=0&tc_id=0&tc_name=&website=wujin","栏目链接标题含会议纪要","","待人工复核","作为资料线索保留，使用前需人工打开页面核验。","二〇二六年七月二十五日公开资料采集整理"
"365","区政府第15次常务会议纪要","2018-05-09","常州市武进区人民政府网站","http://www.wj.gov.cn/html/czwj/2018/BJLFPPJH_0515/59924.html","https://www.changzhou.gov.cn/gova/wjk.php?click=m2_2&dept_id=0&keytype=title&keyword=%E4%BC%9A%E8%AE%AE%E7%BA%AA%E8%A6%81&page=1&sel_year=0&tc_id=0&tc_name=&website=wujin","栏目链接标题含会议纪要","","待人工复核","作为资料线索保留，使用前需人工打开页面核验。","二〇二六年七月二十五日公开资料采集整理"
"366","区政府第14次常务会议纪要","2018-03-26","常州市武进区人民政府网站","http://www.wj.gov.cn/html/czwj/2018/BJLFPPJH_0404/59502.html","https://www.changzhou.gov.cn/gova/wjk.php?click=m2_2&dept_id=0&keytype=title&keyword=%E4%BC%9A%E8%AE%AE%E7%BA%AA%E8%A6%81&page=1&sel_year=0&tc_id=0&tc_name=&website=wujin","栏目链接标题含会议纪要","","待人工复核","作为资料线索保留，使用前需人工打开页面核验。","二〇二六年七月二十五日公开资料采集整理"
"367","区政府第13次常务会议纪要","2018-03-12","常州市武进区人民政府网站","http://www.wj.gov.cn/html/czwj/2018/BJLFPPJH_0316/59214.html","https://www.changzhou.gov.cn/gova/wjk.php?click=m2_2&dept_id=0&keytype=title&keyword=%E4%BC%9A%E8%AE%AE%E7%BA%AA%E8%A6%81&page=1&sel_year=0&tc_id=0&tc_name=&website=wujin","栏目链接标题含会议纪要","","待人工复核","作为资料线索保留，使用前需人工打开页面核验。","二〇二六年七月二十五日公开资料采集整理"
"368","区政府第12次常务会议纪要","2018-02-09","常州市武进区人民政府网站","http://www.wj.gov.cn/html/czwj/2018/BJLFPPJH_0212/59215.html","https://www.changzhou.gov.cn/gova/wjk.php?click=m2_2&dept_id=0&keytype=title&keyword=%E4%BC%9A%E8%AE%AE%E7%BA%AA%E8%A6%81&page=1&sel_year=0&tc_id=0&tc_name=&website=wujin","栏目链接标题含会议纪要","","待人工复核","作为资料线索保留，使用前需人工打开页面核验。","二〇二六年七月二十五日公开资料采集整理"
"369","区政府第11次常务会议纪要","2018-01-23","常州市武进区人民政府网站","http://www.wj.gov.cn/html/czwj/2018/BJLFPPJH_0130/58698.html","https://www.changzhou.gov.cn/gova/wjk.php?click=m2_2&dept_id=0&keytype=title&keyword=%E4%BC%9A%E8%AE%AE%E7%BA%AA%E8%A6%81&page=1&sel_year=0&tc_id=0&tc_name=&website=wujin","栏目链接标题含会议纪要","","待人工复核","作为资料线索保留，使用前需人工打开页面核验。","二〇二六年七月二十五日公开资料采集整理"
"370","区政府第10次常务会议纪要","2017-12-22","常州市武进区人民政府网站","http://www.wj.gov.cn/html/czwj/2018/BJLFPPJH_0103/55144.html","https://www.changzhou.gov.cn/gova/wjk.php?click=m2_2&dept_id=0&keytype=title&keyword=%E4%BC%9A%E8%AE%AE%E7%BA%AA%E8%A6%81&page=1&sel_year=0&tc_id=0&tc_name=&website=wujin","栏目链接标题含会议纪要","","待人工复核","作为资料线索保留，使用前需人工打开页面核验。","二〇二六年七月二十五日公开资料采集整理"
"371","区政府第9次常务会议纪要","2017-11-13","常州市武进区人民政府网站","http://www.wj.gov.cn/html/czwj/2017/BJLFPPJH_1123/58609.html","https://www.changzhou.gov.cn/gova/wjk.php?click=m2_2&dept_id=0&keytype=title&keyword=%E4%BC%9A%E8%AE%AE%E7%BA%AA%E8%A6%81&page=1&sel_year=0&tc_id=0&tc_name=&website=wujin","栏目链接标题含会议纪要","","待人工复核","作为资料线索保留，使用前需人工打开页面核验。","二〇二六年七月二十五日公开资料采集整理"
"372","区政府第8次常务会议纪要","2017-08-14","常州市武进区人民政府网站","http://www.wj.gov.cn/html/czwj/2017/BJLFPPJH_0828/58302.html","https://www.changzhou.gov.cn/gova/wjk.php?click=m2_2&dept_id=0&keytype=title&keyword=%E4%BC%9A%E8%AE%AE%E7%BA%AA%E8%A6%81&page=1&sel_year=0&tc_id=0&tc_name=&website=wujin","栏目链接标题含会议纪要","","待人工复核","作为资料线索保留，使用前需人工打开页面核验。","二〇二六年七月二十五日公开资料采集整理"
"373","区政府第7次常务会议纪要","2017-06-22","常州市武进区人民政府网站","http://www.wj.gov.cn/html/czwj/2017/BJLFPPJH_0707/58301.html","https://www.changzhou.gov.cn/gova/wjk.php?click=m2_2&dept_id=0&keytype=title&keyword=%E4%BC%9A%E8%AE%AE%E7%BA%AA%E8%A6%81&page=1&sel_year=0&tc_id=0&tc_name=&website=wujin","栏目链接标题含会议纪要","","待人工复核","作为资料线索保留，使用前需人工打开页面核验。","二〇二六年七月二十五日公开资料采集整理"
"374","区政府第6次常务会议纪要","2017-05-22","常州市武进区人民政府网站","http://www.wj.gov.cn/html/czwj/2017/BJLFPPJH_0605/58029.html","https://www.changzhou.gov.cn/gova/wjk.php?click=m2_2&dept_id=0&keytype=title&keyword=%E4%BC%9A%E8%AE%AE%E7%BA%AA%E8%A6%81&page=1&sel_year=0&tc_id=0&tc_name=&website=wujin","栏目链接标题含会议纪要","","待人工复核","作为资料线索保留，使用前需人工打开页面核验。","二〇二六年七月二十五日公开资料采集整理"
"375","区政府第5次常务会议纪要","2017-05-16","常州市武进区人民政府网站","http://www.wj.gov.cn/html/czwj/2017/BJLFPPJH_0531/58028.html","https://www.changzhou.gov.cn/gova/wjk.php?click=m2_2&dept_id=0&keytype=title&keyword=%E4%BC%9A%E8%AE%AE%E7%BA%AA%E8%A6%81&page=1&sel_year=0&tc_id=0&tc_name=&website=wujin","栏目链接标题含会议纪要","","待人工复核","作为资料线索保留，使用前需人工打开页面核验。","二〇二六年七月二十五日公开资料采集整理"
"376","区政府第4次常务会议纪要","2017-04-18","常州市武进区人民政府网站","http://www.wj.gov.cn/html/czwj/2017/BJLFPPJH_0502/58027.html","https://www.changzhou.gov.cn/gova/wjk.php?click=m2_2&dept_id=0&keytype=title&keyword=%E4%BC%9A%E8%AE%AE%E7%BA%AA%E8%A6%81&page=1&sel_year=0&tc_id=0&tc_name=&website=wujin","栏目链接标题含会议纪要","","待人工复核","作为资料线索保留，使用前需人工打开页面核验。","二〇二六年七月二十五日公开资料采集整理"
"377","区政府第3次常务会议纪要","2017-03-13","常州市武进区人民政府网站","http://www.wj.gov.cn/html/czwj/2017/BJLFPPJH_0327/57968.html","https://www.changzhou.gov.cn/gova/wjk.php?click=m2_2&dept_id=0&keytype=title&keyword=%E4%BC%9A%E8%AE%AE%E7%BA%AA%E8%A6%81&page=1&sel_year=0&tc_id=0&tc_name=&website=wujin","栏目链接标题含会议纪要","","待人工复核","作为资料线索保留，使用前需人工打开页面核验。","二〇二六年七月二十五日公开资料采集整理"
"378","区政府第2次常务会议纪要","2017-02-10","常州市武进区人民政府网站","http://www.wj.gov.cn/html/czwj/2017/BJLFPPJH_0220/57902.html","https://www.changzhou.gov.cn/gova/wjk.php?click=m2_2&dept_id=0&keytype=title&keyword=%E4%BC%9A%E8%AE%AE%E7%BA%AA%E8%A6%81&page=1&sel_year=0&tc_id=0&tc_name=&website=wujin","栏目链接标题含会议纪要","","待人工复核","作为资料线索保留，使用前需人工打开页面核验。","二〇二六年七月二十五日公开资料采集整理"
"379","区政府第1次常务会议纪要","2017-01-25","常州市武进区人民政府网站","http://www.wj.gov.cn/html/czwj/2017/BJLFPPJH_0208/57901.html","https://www.changzhou.gov.cn/gova/wjk.php?click=m2_2&dept_id=0&keytype=title&keyword=%E4%BC%9A%E8%AE%AE%E7%BA%AA%E8%A6%81&page=1&sel_year=0&tc_id=0&tc_name=&website=wujin","栏目链接标题含会议纪要","","待人工复核","作为资料线索保留，使用前需人工打开页面核验。","二〇二六年七月二十五日公开资料采集整理"
"380","区政府常务会议纪要","2016-12-27","常州市武进区人民政府网站","http://www.wj.gov.cn/html/czwj/2017/BJLFPPJH_0106/57871.html","https://www.changzhou.gov.cn/gova/wjk.php?click=m2_2&dept_id=0&keytype=title&keyword=%E4%BC%9A%E8%AE%AE%E7%BA%AA%E8%A6%81&page=1&sel_year=0&tc_id=0&tc_name=&website=wujin","栏目链接标题含会议纪要","","待人工复核","作为资料线索保留，使用前需人工打开页面核验。","二〇二六年七月二十五日公开资料采集整理"
"381","区政府常务会议纪要","2016-11-25","常州市武进区人民政府网站","http://www.wj.gov.cn/html/czwj/2016/BJLFPPJH_1207/57870.html","https://www.changzhou.gov.cn/gova/wjk.php?click=m2_2&dept_id=0&keytype=title&keyword=%E4%BC%9A%E8%AE%AE%E7%BA%AA%E8%A6%81&page=1&sel_year=0&tc_id=0&tc_name=&website=wujin","栏目链接标题含会议纪要","","待人工复核","作为资料线索保留，使用前需人工打开页面核验。","二〇二六年七月二十五日公开资料采集整理"
"382","区政府常务会议纪要","2016-09-28","常州市武进区人民政府网站","http://www.wj.gov.cn/html/czwj/2016/BJLFPPJH_0928/57831.html","https://www.changzhou.gov.cn/gova/wjk.php?click=m2_2&dept_id=0&keytype=title&keyword=%E4%BC%9A%E8%AE%AE%E7%BA%AA%E8%A6%81&page=1&sel_year=0&tc_id=0&tc_name=&website=wujin","栏目链接标题含会议纪要","","待人工复核","作为资料线索保留，使用前需人工打开页面核验。","二〇二六年七月二十五日公开资料采集整理"
"383","区政府常务会议纪要","2016-08-08","常州市武进区人民政府网站","http://www.wj.gov.cn/html/czwj/2016/BJLFPPJH_0809/57830.html","https://www.changzhou.gov.cn/gova/wjk.php?click=m2_2&dept_id=0&keytype=title&keyword=%E4%BC%9A%E8%AE%AE%E7%BA%AA%E8%A6%81&page=1&sel_year=0&tc_id=0&tc_name=&website=wujin","栏目链接标题含会议纪要","","待人工复核","作为资料线索保留，使用前需人工打开页面核验。","二〇二六年七月二十五日公开资料采集整理"
"384","区政府常务会议纪要","2016-07-19","常州市武进区人民政府网站","http://www.wj.gov.cn/html/czwj/2016/BJLFPPJH_0721/57829.html","https://www.changzhou.gov.cn/gova/wjk.php?click=m2_2&dept_id=0&keytype=title&keyword=%E4%BC%9A%E8%AE%AE%E7%BA%AA%E8%A6%81&page=1&sel_year=0&tc_id=0&tc_name=&website=wujin","栏目链接标题含会议纪要","","待人工复核","作为资料线索保留，使用前需人工打开页面核验。","二〇二六年七月二十五日公开资料采集整理"
"385","区政府常务会议纪要","2016-06-25","常州市武进区人民政府网站","http://www.wj.gov.cn/html/czwj/2016/BJLFPPJH_0628/57832.html","https://www.changzhou.gov.cn/gova/wjk.php?click=m2_2&dept_id=0&keytype=title&keyword=%E4%BC%9A%E8%AE%AE%E7%BA%AA%E8%A6%81&page=1&sel_year=0&tc_id=0&tc_name=&website=wujin","栏目链接标题含会议纪要","","待人工复核","作为资料线索保留，使用前需人工打开页面核验。","二〇二六年七月二十五日公开资料采集整理"
"386","区政府常务会议纪要","2016-05-18","常州市武进区人民政府网站","http://www.wj.gov.cn/html/czwj/2016/BJLFPPJH_0518/57828.html","https://www.changzhou.gov.cn/gova/wjk.php?click=m2_2&dept_id=0&keytype=title&keyword=%E4%BC%9A%E8%AE%AE%E7%BA%AA%E8%A6%81&page=1&sel_year=0&tc_id=0&tc_name=&website=wujin","栏目链接标题含会议纪要","","待人工复核","作为资料线索保留，使用前需人工打开页面核验。","二〇二六年七月二十五日公开资料采集整理"
"387","区政府常务会议纪要","2016-03-28","常州市武进区人民政府网站","http://www.wj.gov.cn/html/czwj/2016/BJLFPPJH_0412/57728.html","https://www.changzhou.gov.cn/gova/wjk.php?click=m2_2&dept_id=0&keytype=title&keyword=%E4%BC%9A%E8%AE%AE%E7%BA%AA%E8%A6%81&page=1&sel_year=0&tc_id=0&tc_name=&website=wujin","栏目链接标题含会议纪要","","待人工复核","作为资料线索保留，使用前需人工打开页面核验。","二〇二六年七月二十五日公开资料采集整理"
"388","区政府常务会议纪要","2016-03-03","常州市武进区人民政府网站","http://www.wj.gov.cn/html/czwj/2016/BJLFPPJH_0314/57727.html","https://www.changzhou.gov.cn/gova/wjk.php?click=m2_2&dept_id=0&keytype=title&keyword=%E4%BC%9A%E8%AE%AE%E7%BA%AA%E8%A6%81&page=1&sel_year=0&tc_id=0&tc_name=&website=wujin","栏目链接标题含会议纪要","","待人工复核","作为资料线索保留，使用前需人工打开页面核验。","二〇二六年七月二十五日公开资料采集整理"
"389","区政府常务会议纪要","2016-02-04","常州市武进区人民政府网站","http://www.wj.gov.cn/html/czwj/2016/BJLFPPJH_0208/57827.html","https://www.changzhou.gov.cn/gova/wjk.php?click=m2_2&dept_id=0&keytype=title&keyword=%E4%BC%9A%E8%AE%AE%E7%BA%AA%E8%A6%81&page=1&sel_year=0&tc_id=0&tc_name=&website=wujin","栏目链接标题含会议纪要","","待人工复核","作为资料线索保留，使用前需人工打开页面核验。","二〇二六年七月二十五日公开资料采集整理"
"390","区政府常务会议纪要","2015-11-25","常州市武进区人民政府网站","http://www.wj.gov.cn/html/czwj/2015/BJLFPPJH_1204/57633.html","https://www.changzhou.gov.cn/gova/wjk.php?click=m2_2&dept_id=0&keytype=title&keyword=%E4%BC%9A%E8%AE%AE%E7%BA%AA%E8%A6%81&page=1&sel_year=0&tc_id=0&tc_name=&website=wujin","栏目链接标题含会议纪要","","待人工复核","作为资料线索保留，使用前需人工打开页面核验。","二〇二六年七月二十五日公开资料采集整理"
"391","区政府常务会议纪要","2015-08-11","常州市武进区人民政府网站","http://www.wj.gov.cn/html/czwj/2015/BJLFPPJH_0821/57541.html","https://www.changzhou.gov.cn/gova/wjk.php?click=m2_2&dept_id=0&keytype=title&keyword=%E4%BC%9A%E8%AE%AE%E7%BA%AA%E8%A6%81&page=1&sel_year=0&tc_id=0&tc_name=&website=wujin","栏目链接标题含会议纪要","","待人工复核","作为资料线索保留，使用前需人工打开页面核验。","二〇二六年七月二十五日公开资料采集整理"
"392","区政府常务会议纪要","2015-05-11","常州市武进区人民政府网站","http://www.wj.gov.cn/html/czwj/2015/BJLFPPJH_0521/57540.html","https://www.changzhou.gov.cn/gova/wjk.php?click=m2_2&dept_id=0&keytype=title&keyword=%E4%BC%9A%E8%AE%AE%E7%BA%AA%E8%A6%81&page=1&sel_year=0&tc_id=0&tc_name=&website=wujin","栏目链接标题含会议纪要","","待人工复核","作为资料线索保留，使用前需人工打开页面核验。","二〇二六年七月二十五日公开资料采集整理"
"393","区政府常务会议纪要","2015-02-25","常州市武进区人民政府网站","http://www.wj.gov.cn/html/czwj/2015/BJLFPPJH_0306/57539.html","https://www.changzhou.gov.cn/gova/wjk.php?click=m2_2&dept_id=0&keytype=title&keyword=%E4%BC%9A%E8%AE%AE%E7%BA%AA%E8%A6%81&page=1&sel_year=0&tc_id=0&tc_name=&website=wujin","栏目链接标题含会议纪要","","待人工复核","作为资料线索保留，使用前需人工打开页面核验。","二〇二六年七月二十五日公开资料采集整理"
"394","区政府常务会议纪要","2014-10-22","常州市武进区人民政府网站","http://www.wj.gov.cn/html/czwj/2014/BJLFPPJH_1103/57389.html","https://www.changzhou.gov.cn/gova/wjk.php?click=m2_2&dept_id=0&keytype=title&keyword=%E4%BC%9A%E8%AE%AE%E7%BA%AA%E8%A6%81&page=1&sel_year=0&tc_id=0&tc_name=&website=wujin","栏目链接标题含会议纪要","","待人工复核","作为资料线索保留，使用前需人工打开页面核验。","二〇二六年七月二十五日公开资料采集整理"
"395","区政府常务会议纪要","2014-07-17","常州市武进区人民政府网站","http://www.wj.gov.cn/html/czwj/2014/BJLFPPJH_0728/57388.html","https://www.changzhou.gov.cn/gova/wjk.php?click=m2_2&dept_id=0&keytype=title&keyword=%E4%BC%9A%E8%AE%AE%E7%BA%AA%E8%A6%81&page=1&sel_year=0&tc_id=0&tc_name=&website=wujin","栏目链接标题含会议纪要","","待人工复核","作为资料线索保留，使用前需人工打开页面核验。","二〇二六年七月二十五日公开资料采集整理"
"396","区政府常务会议纪要","2014-05-21","常州市武进区人民政府网站","http://www.wj.gov.cn/html/czwj/2014/BJLFPPJH_0604/57387.html","https://www.changzhou.gov.cn/gova/wjk.php?click=m2_2&dept_id=0&keytype=title&keyword=%E4%BC%9A%E8%AE%AE%E7%BA%AA%E8%A6%81&page=1&sel_year=0&tc_id=0&tc_name=&website=wujin","栏目链接标题含会议纪要","","待人工复核","作为资料线索保留，使用前需人工打开页面核验。","二〇二六年七月二十五日公开资料采集整理"
"397","区政府常务会议纪要","2014-04-15","常州市武进区人民政府网站","http://www.wj.gov.cn/html/czwj/2014/BJLFPPJH_0421/57386.html","https://www.changzhou.gov.cn/gova/wjk.php?click=m2_2&dept_id=0&keytype=title&keyword=%E4%BC%9A%E8%AE%AE%E7%BA%AA%E8%A6%81&page=1&sel_year=0&tc_id=0&tc_name=&website=wujin","栏目链接标题含会议纪要","","待人工复核","作为资料线索保留，使用前需人工打开页面核验。","二〇二六年七月二十五日公开资料采集整理"
"398","钟楼区政府2013年度第10次常务会议纪要","2013-12-03","常州市钟楼区人民政府网站","http://www.zhonglou.gov.cn/html/czzl/2013/FPKLLMMN_1216/8009.html","https://www.changzhou.gov.cn/gova/wjk.php?click=m2_2&dept_id=0&keytype=title&keyword=%E4%BC%9A%E8%AE%AE%E7%BA%AA%E8%A6%81&page=1&sel_year=0&tc_id=0&tc_name=&website=zhonglou","栏目链接标题含会议纪要","","待人工复核","作为资料线索保留，使用前需人工打开页面核验。","二〇二六年七月二十五日公开资料采集整理"
"399","区政府常务会议纪要","2013-05-16","常州市武进区人民政府网站","http://www.wj.gov.cn/html/czwj/2013/BJLFPPJH_0520/56838.html","https://www.changzhou.gov.cn/gova/wjk.php?click=m2_2&dept_id=0&keytype=title&keyword=%E4%BC%9A%E8%AE%AE%E7%BA%AA%E8%A6%81&page=1&sel_year=0&tc_id=0&tc_name=&website=wujin","栏目链接标题含会议纪要","","待人工复核","作为资料线索保留，使用前需人工打开页面核验。","二〇二六年七月二十五日公开资料采集整理"
"400","钟楼区政府2012年度第5次常务会议纪要","2012-07-21","常州市钟楼区人民政府网站","http://www.zhonglou.gov.cn/html/czzl/2012/FPKLLMMN_1011/7956.html","https://www.changzhou.gov.cn/gova/wjk.php?click=m2_2&dept_id=0&keytype=title&keyword=%E4%BC%9A%E8%AE%AE%E7%BA%AA%E8%A6%81&page=1&sel_year=0&tc_id=0&tc_name=&website=zhonglou","栏目链接标题含会议纪要","","待人工复核","作为资料线索保留，使用前需人工打开页面核验。","二〇二六年七月二十五日公开资料采集整理"
"401","市政府第26次常务会议纪要","2024-10-31","溧阳市人民政府网站","http://www.liyang.gov.cn/html/czly/2025/CIPCAMHQ_0117/32991.html","https://www.changzhou.gov.cn/gova/wjk.php?click=m2_2&dept_id=0&keytype=title&keyword=%E4%BC%9A%E8%AE%AE%E7%BA%AA%E8%A6%81&page=1&sel_year=0&tc_id=0&tc_name=&website=liyang","栏目链接标题含会议纪要","","仅元数据可见","仅能确认页面元数据，不作为正文结构样例。","二〇二六年七月二十五日公开资料采集整理"
"402","市政府第25次常务会议纪要","2024-08-12","溧阳市人民政府网站","http://www.liyang.gov.cn/html/czly/2024/CIPCAMHQ_0826/32377.html","https://www.changzhou.gov.cn/gova/wjk.php?click=m2_2&dept_id=0&keytype=title&keyword=%E4%BC%9A%E8%AE%AE%E7%BA%AA%E8%A6%81&page=1&sel_year=0&tc_id=0&tc_name=&website=liyang","栏目链接标题含会议纪要","","仅元数据可见","仅能确认页面元数据，不作为正文结构样例。","二〇二六年七月二十五日公开资料采集整理"
"403","市政府第24次常务会议纪要","2024-07-03","溧阳市人民政府网站","http://www.liyang.gov.cn/html/czly/2024/CIPCAMHQ_0826/32376.html","https://www.changzhou.gov.cn/gova/wjk.php?click=m2_2&dept_id=0&keytype=title&keyword=%E4%BC%9A%E8%AE%AE%E7%BA%AA%E8%A6%81&page=1&sel_year=0&tc_id=0&tc_name=&website=liyang","栏目链接标题含会议纪要","","仅元数据可见","仅能确认页面元数据，不作为正文结构样例。","二〇二六年七月二十五日公开资料采集整理"
"404","市政府第23次常务会议纪要","2024-04-28","溧阳市人民政府网站","http://www.liyang.gov.cn/html/czly/2024/CIPCAMHQ_0826/32375.html","https://www.changzhou.gov.cn/gova/wjk.php?click=m2_2&dept_id=0&keytype=title&keyword=%E4%BC%9A%E8%AE%AE%E7%BA%AA%E8%A6%81&page=1&sel_year=0&tc_id=0&tc_name=&website=liyang","栏目链接标题含会议纪要","","仅元数据可见","仅能确认页面元数据，不作为正文结构样例。","二〇二六年七月二十五日公开资料采集整理"
"405","市政府第22次常务会议纪要","2024-03-18","溧阳市人民政府网站","http://www.liyang.gov.cn/html/czly/2024/CIPCAMHQ_0826/32374.html","https://www.changzhou.gov.cn/gova/wjk.php?click=m2_2&dept_id=0&keytype=title&keyword=%E4%BC%9A%E8%AE%AE%E7%BA%AA%E8%A6%81&page=1&sel_year=0&tc_id=0&tc_name=&website=liyang","栏目链接标题含会议纪要","","仅元数据可见","仅能确认页面元数据，不作为正文结构样例。","二〇二六年七月二十五日公开资料采集整理"
"406","市政府第21次常务会议纪要","2024-02-06","溧阳市人民政府网站","http://www.liyang.gov.cn/html/czly/2024/CIPCAMHQ_0304/32018.html","https://www.changzhou.gov.cn/gova/wjk.php?click=m2_2&dept_id=0&keytype=title&keyword=%E4%BC%9A%E8%AE%AE%E7%BA%AA%E8%A6%81&page=1&sel_year=0&tc_id=0&tc_name=&website=liyang","栏目链接标题含会议纪要","","仅元数据可见","仅能确认页面元数据，不作为正文结构样例。","二〇二六年七月二十五日公开资料采集整理"
"407","市政府第20次常务会议纪要","2024-01-02","溧阳市人民政府网站","http://www.liyang.gov.cn/html/czly/2024/CIPCAMHQ_0304/32017.html","https://www.changzhou.gov.cn/gova/wjk.php?click=m2_2&dept_id=0&keytype=title&keyword=%E4%BC%9A%E8%AE%AE%E7%BA%AA%E8%A6%81&page=1&sel_year=0&tc_id=0&tc_name=&website=liyang","栏目链接标题含会议纪要","","仅元数据可见","仅能确认页面元数据，不作为正文结构样例。","二〇二六年七月二十五日公开资料采集整理"
"408","市政府第19次常务会议纪要","2023-11-30","溧阳市人民政府网站","http://www.liyang.gov.cn/html/czly/2024/CIPCAMHQ_0304/32016.html","https://www.changzhou.gov.cn/gova/wjk.php?click=m2_2&dept_id=0&keytype=title&keyword=%E4%BC%9A%E8%AE%AE%E7%BA%AA%E8%A6%81&page=1&sel_year=0&tc_id=0&tc_name=&website=liyang","栏目链接标题含会议纪要","","仅元数据可见","仅能确认页面元数据，不作为正文结构样例。","二〇二六年七月二十五日公开资料采集整理"
"409","市政府第18次常务会议纪要","2023-10-23","溧阳市人民政府网站","http://www.liyang.gov.cn/html/czly/2024/CIPCAMHQ_0304/32015.html","https://www.changzhou.gov.cn/gova/wjk.php?click=m2_2&dept_id=0&keytype=title&keyword=%E4%BC%9A%E8%AE%AE%E7%BA%AA%E8%A6%81&page=1&sel_year=0&tc_id=0&tc_name=&website=liyang","栏目链接标题含会议纪要","","仅元数据可见","仅能确认页面元数据，不作为正文结构样例。","二〇二六年七月二十五日公开资料采集整理"
"410","市政府第13次常务会议纪要","2023-09-11","溧阳市人民政府网站","http://www.liyang.gov.cn/html/czly/2023/CIPCAMHQ_0911/31472.html","https://www.changzhou.gov.cn/gova/wjk.php?click=m2_2&dept_id=0&keytype=title&keyword=%E4%BC%9A%E8%AE%AE%E7%BA%AA%E8%A6%81&page=1&sel_year=0&tc_id=0&tc_name=&website=liyang","栏目链接标题含会议纪要","","仅元数据可见","仅能确认页面元数据，不作为正文结构样例。","二〇二六年七月二十五日公开资料采集整理"
"411","市政府第17次常务会议纪要","2023-08-14","溧阳市人民政府网站","http://www.liyang.gov.cn/html/czly/2024/CIPCAMHQ_0304/32014.html","https://www.changzhou.gov.cn/gova/wjk.php?click=m2_2&dept_id=0&keytype=title&keyword=%E4%BC%9A%E8%AE%AE%E7%BA%AA%E8%A6%81&page=1&sel_year=0&tc_id=0&tc_name=&website=liyang","栏目链接标题含会议纪要","","仅元数据可见","仅能确认页面元数据，不作为正文结构样例。","二〇二六年七月二十五日公开资料采集整理"
"412","市政府第16次常务会议纪要","2023-08-03","溧阳市人民政府网站","http://www.liyang.gov.cn/html/czly/2023/CIPCAMHQ_0911/31475.html","https://www.changzhou.gov.cn/gova/wjk.php?click=m2_2&dept_id=0&keytype=title&keyword=%E4%BC%9A%E8%AE%AE%E7%BA%AA%E8%A6%81&page=1&sel_year=0&tc_id=0&tc_name=&website=liyang","栏目链接标题含会议纪要","","仅元数据可见","仅能确认页面元数据，不作为正文结构样例。","二〇二六年七月二十五日公开资料采集整理"
"413","市政府第15次常务会议纪要","2023-06-21","溧阳市人民政府网站","http://www.liyang.gov.cn/html/czly/2023/CIPCAMHQ_0911/31474.html","https://www.changzhou.gov.cn/gova/wjk.php?click=m2_2&dept_id=0&keytype=title&keyword=%E4%BC%9A%E8%AE%AE%E7%BA%AA%E8%A6%81&page=1&sel_year=0&tc_id=0&tc_name=&website=liyang","栏目链接标题含会议纪要","","仅元数据可见","仅能确认页面元数据，不作为正文结构样例。","二〇二六年七月二十五日公开资料采集整理"
"414","市政府第14次常务会议纪要","2023-05-30","溧阳市人民政府网站","http://www.liyang.gov.cn/html/czly/2023/CIPCAMHQ_0911/31473.html","https://www.changzhou.gov.cn/gova/wjk.php?click=m2_2&dept_id=0&keytype=title&keyword=%E4%BC%9A%E8%AE%AE%E7%BA%AA%E8%A6%81&page=1&sel_year=0&tc_id=0&tc_name=&website=liyang","栏目链接标题含会议纪要","","仅元数据可见","仅能确认页面元数据，不作为正文结构样例。","二〇二六年七月二十五日公开资料采集整理"
"415","区政府第17次常务会议纪要","2023-05-08","常州市金坛区人民政府网站","http://www.jintan.gov.cn/html/czjt/2023/PAIHAQOE_0510/26923.html","https://www.changzhou.gov.cn/gova/wjk.php?click=m2_2&dept_id=0&keytype=title&keyword=%E4%BC%9A%E8%AE%AE%E7%BA%AA%E8%A6%81&page=1&sel_year=0&tc_id=0&tc_name=&website=jintan","栏目链接标题含会议纪要","","仅元数据可见","仅能确认页面元数据，不作为正文结构样例。","二〇二六年七月二十五日公开资料采集整理"
"416","市政府第12次常务会议纪要","2023-02-27","溧阳市人民政府网站","http://www.liyang.gov.cn/html/czly/2023/CIPCAMHQ_0911/31471.html","https://www.changzhou.gov.cn/gova/wjk.php?click=m2_2&dept_id=0&keytype=title&keyword=%E4%BC%9A%E8%AE%AE%E7%BA%AA%E8%A6%81&page=1&sel_year=0&tc_id=0&tc_name=&website=liyang","栏目链接标题含会议纪要","","仅元数据可见","仅能确认页面元数据，不作为正文结构样例。","二〇二六年七月二十五日公开资料采集整理"
"417","区政府第14次常务会议纪要","2023-02-24","常州市金坛区人民政府网站","http://www.jintan.gov.cn/html/czjt/2023/PAIHAQOE_0306/26609.html","https://www.changzhou.gov.cn/gova/wjk.php?click=m2_2&dept_id=0&keytype=title&keyword=%E4%BC%9A%E8%AE%AE%E7%BA%AA%E8%A6%81&page=1&sel_year=0&tc_id=0&tc_name=&website=jintan","栏目链接标题含会议纪要","","仅元数据可见","仅能确认页面元数据，不作为正文结构样例。","二〇二六年七月二十五日公开资料采集整理"
"418","市政府第11次常务会议纪要","2023-01-20","溧阳市人民政府网站","http://www.liyang.gov.cn/html/czly/2023/CIPCAMHQ_0911/31470.html","https://www.changzhou.gov.cn/gova/wjk.php?click=m2_2&dept_id=0&keytype=title&keyword=%E4%BC%9A%E8%AE%AE%E7%BA%AA%E8%A6%81&page=1&sel_year=0&tc_id=0&tc_name=&website=liyang","栏目链接标题含会议纪要","","仅元数据可见","仅能确认页面元数据，不作为正文结构样例。","二〇二六年七月二十五日公开资料采集整理"
"419","区政府第13次常务会议纪要","2023-01-20","常州市金坛区人民政府网站","http://www.jintan.gov.cn/html/czjt/2023/PAIHAQOE_0213/26509.html","https://www.changzhou.gov.cn/gova/wjk.php?click=m2_2&dept_id=0&keytype=title&keyword=%E4%BC%9A%E8%AE%AE%E7%BA%AA%E8%A6%81&page=1&sel_year=0&tc_id=0&tc_name=&website=jintan","栏目链接标题含会议纪要","","仅元数据可见","仅能确认页面元数据，不作为正文结构样例。","二〇二六年七月二十五日公开资料采集整理"
"420","区政府第12次常务会议纪要","2022-12-29","常州市金坛区人民政府网站","http://www.jintan.gov.cn/html/czjt/2023/PAIHAQOE_0109/26315.html","https://www.changzhou.gov.cn/gova/wjk.php?click=m2_2&dept_id=0&keytype=title&keyword=%E4%BC%9A%E8%AE%AE%E7%BA%AA%E8%A6%81&page=1&sel_year=0&tc_id=0&tc_name=&website=jintan","栏目链接标题含会议纪要","","仅元数据可见","仅能确认页面元数据，不作为正文结构样例。","二〇二六年七月二十五日公开资料采集整理"
"421","区政府第9次常务会议纪要","2022-10-10","常州市金坛区人民政府网站","http://www.jintan.gov.cn/html/czjt/2022/PAIHAQOE_1025/25903.html","https://www.changzhou.gov.cn/gova/wjk.php?click=m2_2&dept_id=0&keytype=title&keyword=%E4%BC%9A%E8%AE%AE%E7%BA%AA%E8%A6%81&page=1&sel_year=0&tc_id=0&tc_name=&website=jintan","栏目链接标题含会议纪要","","仅元数据可见","仅能确认页面元数据，不作为正文结构样例。","二〇二六年七月二十五日公开资料采集整理"
"422","区政府第7次常务会议纪要","2022-08-01","常州市金坛区人民政府网站","http://www.jintan.gov.cn/html/czjt/2022/PAIHAQOE_0819/25643.html","https://www.changzhou.gov.cn/gova/wjk.php?click=m2_2&dept_id=0&keytype=title&keyword=%E4%BC%9A%E8%AE%AE%E7%BA%AA%E8%A6%81&page=1&sel_year=0&tc_id=0&tc_name=&website=jintan","栏目链接标题含会议纪要","","仅元数据可见","仅能确认页面元数据，不作为正文结构样例。","二〇二六年七月二十五日公开资料采集整理"
"423","市政府第46次常务会议纪要","2015-06-17","昆山市人民政府网站","https://www.ks.gov.cn/kss/zfcwhy/201506/ead54510fb824b4899d2f2c9551cb11f.shtml","https://www.ks.gov.cn/kss/zfcwhy/xxgk_list.shtml","栏目链接标题含会议纪要","","仅元数据可见","仅能确认页面元数据，不作为正文结构样例。","二〇二六年七月二十五日公开资料采集整理"
"424","市政府第23次常务会议纪要","2010-02-05","昆山市人民政府网站","https://www.ks.gov.cn/kss/zfcwhy/201002/9e63bd988b5d4818b6c23d5d1ba7fa61.shtml","https://www.ks.gov.cn/kss/zfcwhy/xxgk_list.shtml","栏目链接标题含会议纪要","","仅元数据可见","仅能确认页面元数据，不作为正文结构样例。","二〇二六年七月二十五日公开资料采集整理"
"425","（09昆府737）市政府第19次常务会议纪要——昆政纪〔2009〕8号","2009-09-28","昆山市人民政府网站","https://www.ks.gov.cn/kss/zfcwhy/200909/4c77154f69cd4637a3d455521a25e498.shtml","https://www.ks.gov.cn/kss/zfcwhy/xxgk_list.shtml","栏目链接标题含会议纪要","","仅元数据可见","仅能确认页面元数据，不作为正文结构样例。","二〇二六年七月二十五日公开资料采集整理"
"426","（08昆府797）市政府第10次常务会议纪要——昆政纪〔2008〕10号","2008-12-15","昆山市人民政府网站","https://www.ks.gov.cn/kss/zfcwhy/200812/61192ce178724ad29eac9a26fdca934f.shtml","https://www.ks.gov.cn/kss/zfcwhy/xxgk_list.shtml","栏目链接标题含会议纪要","","仅元数据可见","仅能确认页面元数据，不作为正文结构样例。","二〇二六年七月二十五日公开资料采集整理"
"427","（08昆府712）市政府第9次常务会议纪要——昆政纪〔2008〕9号","2008-11-05","昆山市人民政府网站","https://www.ks.gov.cn/kss/zfcwhy/200811/4a15b54778394b9597e123d95091d2d1.shtml","https://www.ks.gov.cn/kss/zfcwhy/xxgk_list.shtml","栏目链接标题含会议纪要","","仅元数据可见","仅能确认页面元数据，不作为正文结构样例。","二〇二六年七月二十五日公开资料采集整理"
"428","（08昆府626）市政府第8次常务会议纪要——昆政纪〔2008〕8号","2008-09-27","昆山市人民政府网站","https://www.ks.gov.cn/kss/zfcwhy/200809/6b2303ed0cf94d3d8b33341c602bba37.shtml","https://www.ks.gov.cn/kss/zfcwhy/xxgk_list.shtml","栏目链接标题含会议纪要","","仅元数据可见","仅能确认页面元数据，不作为正文结构样例。","二〇二六年七月二十五日公开资料采集整理"
"429","（08昆府421）市政府第5次常务会议纪要——昆政纪〔2008〕5号","2008-07-04","昆山市人民政府网站","https://www.ks.gov.cn/kss/zfcwhy/200807/4c8fa9401bb34bffbdb9dd4998b076f1.shtml","https://www.ks.gov.cn/kss/zfcwhy/xxgk_list.shtml","栏目链接标题含会议纪要","","仅元数据可见","仅能确认页面元数据，不作为正文结构样例。","二〇二六年七月二十五日公开资料采集整理"
"430","（08昆府381）市政府第4次常务会议纪要——昆政纪〔2008〕4号","2008-06-18","昆山市人民政府网站","https://www.ks.gov.cn/kss/zfcwhy/200806/34b93d2a4c6b4c8c9a37c08a7ab956e0.shtml","https://www.ks.gov.cn/kss/zfcwhy/xxgk_list.shtml","栏目链接标题含会议纪要","","仅元数据可见","仅能确认页面元数据，不作为正文结构样例。","二〇二六年七月二十五日公开资料采集整理"
"431","2008年市政府第1次常务会议纪要","2008-02-12","昆山市人民政府网站","https://www.ks.gov.cn/kss/zfcwhy/200801/779d0b6657fe4852917ce3dea60b13f5.shtml","https://www.ks.gov.cn/kss/zfcwhy/xxgk_list.shtml","栏目链接标题含会议纪要","","仅元数据可见","仅能确认页面元数据，不作为正文结构样例。","二〇二六年七月二十五日公开资料采集整理"
"432","市政府第38次常务会议纪要","2007-11-11","昆山市人民政府网站","https://www.ks.gov.cn/kss/zfcwhy/200710/95b6c440610447c88f247281d41b7098.shtml","https://www.ks.gov.cn/kss/zfcwhy/xxgk_list.shtml","栏目链接标题含会议纪要","","仅元数据可见","仅能确认页面元数据，不作为正文结构样例。","二〇二六年七月二十五日公开资料采集整理"
"433","市政府第38次常务会议纪要——昆政纪〔2007〕9号","2007-11-01","昆山市人民政府网站","https://www.ks.gov.cn/kss/zfcwhy/200711/94ee18503fc34029af29b8f15e2be061.shtml","https://www.ks.gov.cn/kss/zfcwhy/xxgk_list.shtml","栏目链接标题含会议纪要","","仅元数据可见","仅能确认页面元数据，不作为正文结构样例。","二〇二六年七月二十五日公开资料采集整理"
"434","市政府第36次常务会议纪要——昆政纪〔2007〕7号","2007-06-16","昆山市人民政府网站","https://www.ks.gov.cn/kss/zfcwhy/200706/84a39e2853d34d60b66b22bdf3dae55e.shtml","https://www.ks.gov.cn/kss/zfcwhy/xxgk_list.shtml","栏目链接标题含会议纪要","","仅元数据可见","仅能确认页面元数据，不作为正文结构样例。","二〇二六年七月二十五日公开资料采集整理"
"435","市政府第35次常务会议纪要——昆政纪〔2007〕6号","2007-06-03","昆山市人民政府网站","https://www.ks.gov.cn/kss/zfcwhy/200706/6c22003a70e14474ad7a0946c207ac0e.shtml","https://www.ks.gov.cn/kss/zfcwhy/xxgk_list.shtml","栏目链接标题含会议纪要","","仅元数据可见","仅能确认页面元数据，不作为正文结构样例。","二〇二六年七月二十五日公开资料采集整理"
"436","市政府第34次常务会议纪要——昆政纪〔2007〕5号","2007-04-17","昆山市人民政府网站","https://www.ks.gov.cn/kss/zfcwhy/200704/beb7a3aa42c942d783024f3292145524.shtml","https://www.ks.gov.cn/kss/zfcwhy/xxgk_list.shtml","栏目链接标题含会议纪要","","仅元数据可见","仅能确认页面元数据，不作为正文结构样例。","二〇二六年七月二十五日公开资料采集整理"
"437","市政府第32次常务会议纪要——昆政纪〔2007〕2号","2007-01-24","昆山市人民政府网站","https://www.ks.gov.cn/kss/zfcwhy/200701/2cd6c12951b942508581d24a00c1b224.shtml","https://www.ks.gov.cn/kss/zfcwhy/xxgk_list.shtml","栏目链接标题含会议纪要","","仅元数据可见","仅能确认页面元数据，不作为正文结构样例。","二〇二六年七月二十五日公开资料采集整理"
"438","市政府第30次常务会议纪要——昆政纪〔2006〕9号","2006-10-15","昆山市人民政府网站","https://www.ks.gov.cn/kss/zfcwhy/200610/352af325b698489db08f41fa38174585.shtml","https://www.ks.gov.cn/kss/zfcwhy/xxgk_list.shtml","栏目链接标题含会议纪要","","仅元数据可见","仅能确认页面元数据，不作为正文结构样例。","二〇二六年七月二十五日公开资料采集整理"
"439","市政府第27次常务会议纪要——昆政纪〔2006〕5号","2006-06-17","昆山市人民政府网站","https://www.ks.gov.cn/kss/zfcwhy/200606/c5ac6ba3801e4c609e9419675f9c00cc.shtml","https://www.ks.gov.cn/kss/zfcwhy/xxgk_list.shtml","栏目链接标题含会议纪要","","仅元数据可见","仅能确认页面元数据，不作为正文结构样例。","二〇二六年七月二十五日公开资料采集整理"
"440","市政府第26次常务会议纪要——昆政纪〔2006〕4号","2006-06-08","昆山市人民政府网站","https://www.ks.gov.cn/kss/zfcwhy/200606/c128dc11e08847caa84b7a96322f612b.shtml","https://www.ks.gov.cn/kss/zfcwhy/xxgk_list.shtml","栏目链接标题含会议纪要","","仅元数据可见","仅能确认页面元数据，不作为正文结构样例。","二〇二六年七月二十五日公开资料采集整理"
"441","市政府第25次常务会议纪要——昆政纪〔2006〕3号","2006-04-20","昆山市人民政府网站","https://www.ks.gov.cn/kss/zfcwhy/200604/1c33a1d7ad0e476db096cb39bcba09e9.shtml","https://www.ks.gov.cn/kss/zfcwhy/xxgk_list.shtml","栏目链接标题含会议纪要","","仅元数据可见","仅能确认页面元数据，不作为正文结构样例。","二〇二六年七月二十五日公开资料采集整理"
"442","市政府第24次常务会议纪要——昆政纪〔2006〕2号","2006-03-23","昆山市人民政府网站","https://www.ks.gov.cn/kss/zfcwhy/200603/7ad77b15edfa458badaefa269f6bb075.shtml","https://www.ks.gov.cn/kss/zfcwhy/xxgk_list.shtml","栏目链接标题含会议纪要","","仅元数据可见","仅能确认页面元数据，不作为正文结构样例。","二〇二六年七月二十五日公开资料采集整理"
"443","市政府第23次常务会议纪要——昆政纪〔2006〕1号","2006-03-09","昆山市人民政府网站","https://www.ks.gov.cn/kss/zfcwhy/200603/0d07ce9f0e03441293906cc709882b72.shtml","https://www.ks.gov.cn/kss/zfcwhy/xxgk_list.shtml","栏目链接标题含会议纪要","","仅元数据可见","仅能确认页面元数据，不作为正文结构样例。","二〇二六年七月二十五日公开资料采集整理"
"444","市政府第22次常务会议纪要——昆政纪〔2005〕7号","2005-12-19","昆山市人民政府网站","https://www.ks.gov.cn/kss/zfcwhy/200512/a56bb5f77d404c6e8a90dd54c9338510.shtml","https://www.ks.gov.cn/kss/zfcwhy/xxgk_list.shtml","栏目链接标题含会议纪要","","仅元数据可见","仅能确认页面元数据，不作为正文结构样例。","二〇二六年七月二十五日公开资料采集整理"
"445","市政府第21次常务会议纪要——昆政纪〔2005〕6号","2005-12-06","昆山市人民政府网站","https://www.ks.gov.cn/kss/zfcwhy/200512/ab13b98eec204323a5b9ae47791394a6.shtml","https://www.ks.gov.cn/kss/zfcwhy/xxgk_list.shtml","栏目链接标题含会议纪要","","仅元数据可见","仅能确认页面元数据，不作为正文结构样例。","二〇二六年七月二十五日公开资料采集整理"
"446","市政府第11次常务会议纪要——昆政纪〔2004〕1号","2004-03-09","昆山市人民政府网站","https://www.ks.gov.cn/kss/zfcwhy/200403/3c81b37a06084384b2f7bd5c01b97e2a.shtml","https://www.ks.gov.cn/kss/zfcwhy/xxgk_list.shtml","栏目链接标题含会议纪要","","仅元数据可见","仅能确认页面元数据，不作为正文结构样例。","二〇二六年七月二十五日公开资料采集整理"
"447","市政府第7次常务会议纪要——昆政纪〔2003〕7号","2003-09-27","昆山市人民政府网站","https://www.ks.gov.cn/kss/zfcwhy/200309/bf6af4f04c384b9b87cf30af59cf1173.shtml","https://www.ks.gov.cn/kss/zfcwhy/xxgk_list.shtml","栏目链接标题含会议纪要","","仅元数据可见","仅能确认页面元数据，不作为正文结构样例。","二〇二六年七月二十五日公开资料采集整理"
